"Loan_ID","Gender","Married","Dependents","Education","Self_Employed","ApplicantIncome","CoapplicantIncome","LoanAmount","Loan_Amount_Term","Credit_History","Property_Area","Loan_Status"
"LP001002","Male","No","0","Graduate","No",0.0729313598486792,-0.554035609238777,-0.215127206177498,0.276411036726991,0.432476828905465,"Urban","Y"
"LP001003","Male","Yes","1","Graduate","No",-0.134302453191929,-0.0386999952629192,-0.215127206177498,0.276411036726991,0.432476828905465,"Rural","N"
"LP001005","Male","Yes","0","Graduate","Yes",-0.393426565390414,-0.554035609238777,-0.939533534208587,0.276411036726991,0.432476828905465,"Urban","Y"
"LP001006","Male","Yes","0","Not Graduate","No",-0.461686044093363,0.251774322959547,-0.308598990439574,0.276411036726991,0.432476828905465,"Urban","Y"
"LP001008","Male","No","0","Graduate","No",0.0976488209617375,-0.554035609238777,-0.0632355567516241,0.276411036726991,0.432476828905465,"Urban","Y"
"LP001011","Male","Yes","2","Graduate","Yes",0.00221650421396947,0.879882319304127,1.40894504537607,0.276411036726991,0.432476828905465,"Urban","Y"
"LP001013","Male","Yes","0","Not Graduate","No",-0.502608992956042,-0.0359661193267077,-0.600698316258562,0.276411036726991,0.432476828905465,"Urban","Y"
"LP001014","Male","Yes","3+","Graduate","No",-0.387533660754188,0.301667558795406,0.135391984805288,0.276411036726991,-2.30816285089995,"Semiurban","N"
"LP001018","Male","Yes","2","Graduate","No",-0.228752619166992,-0.0325487744064434,0.252231715132883,0.276411036726991,0.432476828905465,"Urban","Y"
"LP001020","Male","Yes","1","Graduate","No",1.21746439364009,3.19410829930712,2.36703083406235,0.276411036726991,0.432476828905465,"Semiurban","N"
"LP001024","Male","Yes","2","Graduate","No",-0.36068820630027,-0.314821464820275,-0.892797642077549,0.276411036726991,0.432476828905465,"Urban","Y"
"LP001027","Male","Yes","2","Graduate","",-0.475272463115772,0.0747558560898559,-0.437122693799928,0.276411036726991,0.432476828905465,"Urban","Y"
"LP001028","Male","Yes","2","Graduate","No",-0.381477064322511,2.21606418312747,0.626118852181187,0.276411036726991,0.432476828905465,"Urban","Y"
"LP001029","Male","No","0","Graduate","No",-0.581181054772386,0.416490348116287,-0.378702828636131,0.276411036726991,0.432476828905465,"Rural","N"
"LP001030","Male","Yes","2","Graduate","No",-0.671866309452083,-0.182911950898073,-1.5120482128138,-3.40906945296622,0.432476828905465,"Urban","Y"
"LP001032","Male","No","0","Graduate","No",-0.0742275642615154,-0.554035609238777,-0.250179125275776,0.276411036726991,0.432476828905465,"Urban","Y"
"LP001034","Male","No","1","Not Graduate","No",-0.295866255301786,-0.554035609238777,-0.542278451094764,-1.56632920811961,0.432476828905465,"Urban","Y"
"LP001036","Female","No","0","Graduate","No",-0.309943749710548,-0.554035609238777,-0.822693803880992,0.276411036726991,-2.30816285089995,"Urban","N"
"LP001038","Male","Yes","0","Not Graduate","No",-0.0845401473749106,-0.554035609238777,-0.1567073410137,0.276411036726991,0.432476828905465,"Rural","N"
"LP001041","Male","Yes","0","Graduate","",-0.4589032835707,0.642035112853731,-0.367018855603371,0.276411036726991,0.432476828905465,"Urban","Y"
"LP001043","Male","Yes","0","Not Graduate","No",0.369377201409928,-0.554035609238777,-0.495542558963726,0.276411036726991,-2.30816285089995,"Urban","N"
"LP001046","Male","Yes","1","Graduate","No",0.0902826901664552,1.3682209084099,1.96977575094853,0.276411036726991,0.432476828905465,"Urban","Y"
"LP001047","Male","Yes","0","Not Graduate","No",-0.4589032835707,0.0990190050237325,-0.355334882570612,0.276411036726991,-2.30816285089995,"Semiurban","N"
"LP001050","","Yes","2","Not Graduate","No",-0.333679060050902,0.101069411975891,-0.40207077470165,0.276411036726991,-2.30816285089995,"Rural","N"
"LP001052","Male","Yes","1","Graduate","",-0.276059548052249,0.445537779938533,0.053604173575971,0.276411036726991,0.432476828905465,"Semiurban","N"
"LP001066","Male","Yes","0","Graduate","Yes",0.68039161276629,-0.554035609238777,0.520963094886351,0.276411036726991,0.432476828905465,"Semiurban","Y"
"LP001068","Male","Yes","0","Graduate","No",-0.426328616276008,0.215892201296772,-0.285231044374055,0.276411036726991,0.432476828905465,"Semiurban","Y"
"LP001073","Male","Yes","2","Not Graduate","No",-0.192740424167835,-0.198631737531289,-0.425438720767169,0.276411036726991,0.432476828905465,"Urban","Y"
"LP001086","Male","No","0","Not Graduate","No",-0.648458382702631,-0.554035609238777,-1.30173669822413,0.276411036726991,0.432476828905465,"Urban","N"
"LP001087","Female","No","2","Graduate","",-0.270657718802376,0.157797337652279,-0.308598990439574,0.276411036726991,0.432476828905465,"Semiurban","Y"
"LP001091","Male","Yes","1","Graduate","",-0.202561931894878,0.597267894398269,0.637802825213946,0.276411036726991,0.432476828905465,"Urban","N"
"LP001095","Male","No","0","Graduate","No",-0.366090035550144,-0.554035609238777,-0.846061749946511,0.276411036726991,0.432476828905465,"Urban","N"
"LP001097","Male","No","1","Graduate","Yes",-0.1164600474878,-0.554035609238777,-0.472174612898207,0.276411036726991,0.432476828905465,"Rural","N"
"LP001098","Male","Yes","0","Graduate","No",-0.311580667665055,0.0156357889692833,-0.378702828636131,0.276411036726991,0.432476828905465,"Semiurban","Y"
"LP001100","Male","No","3+","Graduate","No",1.1616454913914,0.471167866840516,2.02819561611233,0.276411036726991,0.432476828905465,"Rural","N"
"LP001106","Male","Yes","0","Graduate","No",-0.512103117092183,0.152329585779856,-0.215127206177498,0.276411036726991,0.432476828905465,"Urban","Y"
"LP001109","Male","Yes","0","Graduate","No",-0.585273349658654,-0.0995287348436239,-0.542278451094764,0.276411036726991,-2.30816285089995,"Urban","N"
"LP001112","Female","Yes","0","Graduate","No",-0.284244137824785,-0.0554449853722143,-0.0281836376533456,0.276411036726991,0.432476828905465,"Semiurban","Y"
"LP001114","Male","No","0","Graduate","No",-0.202561931894878,1.90987007827179,0.439175283657035,0.276411036726991,0.432476828905465,"Urban","Y"
"LP001116","Male","No","0","Not Graduate","No",-0.270985102393277,0.0159775234613098,-0.425438720767169,0.276411036726991,0.432476828905465,"Semiurban","Y"
"LP001119","Male","No","0","Graduate","No",-0.295211488119983,-0.554035609238777,-0.775957911749954,0.276411036726991,0.432476828905465,"Urban","N"
"LP001120","Male","No","0","Graduate","No",-0.589856719931274,-0.139511670410716,-1.16152902183102,0.276411036726991,0.432476828905465,"Urban","Y"
"LP001123","Male","Yes","0","Graduate","No",-0.491641642660844,-0.554035609238777,-0.834377776913752,0.276411036726991,0.432476828905465,"Urban","Y"
"LP001131","Male","Yes","0","Graduate","No",-0.239392585871289,0.244256164134966,-0.145023367980941,0.276411036726991,0.432476828905465,"Semiurban","Y"
"LP001136","Male","Yes","0","Not Graduate","Yes",-0.115968972101448,-0.554035609238777,-0.589014343225802,0.276411036726991,0.432476828905465,"Urban","Y"
"LP001137","Female","No","0","Graduate","No",-0.32631292925562,-0.554035609238777,-0.682486127487878,0.276411036726991,0.432476828905465,"Urban","Y"
"LP001138","Male","Yes","1","Graduate","No",0.0401930007585358,-0.554035609238777,-1.1965809409293,0.276411036726991,0.432476828905465,"Urban","Y"
"LP001144","Male","Yes","0","Graduate","No",0.0683479895760591,-0.554035609238777,-0.0281836376533456,0.276411036726991,0.432476828905465,"Urban","Y"
"LP001146","Female","Yes","0","Graduate","No",-0.451537152775418,0.621531043332145,-0.308598990439574,0.276411036726991,-2.30816285089995,"Urban","N"
"LP001151","Female","No","0","Graduate","No",-0.229734769939697,0.223410360121353,-0.0281836376533456,0.276411036726991,0.432476828905465,"Semiurban","Y"
"LP001155","Female","Yes","0","Not Graduate","No",-0.568904170113582,0.00777589565267544,-0.542278451094764,0.276411036726991,0.432476828905465,"Semiurban","Y"
"LP001157","Female","No","0","Graduate","No",-0.379349070981652,-0.554035609238777,-0.308598990439574,0.276411036726991,0.432476828905465,"Semiurban","Y"
"LP001164","Female","No","0","Graduate","No",-0.192085656986032,-0.554035609238777,-0.40207077470165,0.276411036726991,0.432476828905465,"Semiurban","N"
"LP001179","Male","Yes","2","Graduate","No",-0.128900623942055,-0.554035609238777,-0.145023367980941,0.276411036726991,0.432476828905465,"Urban","N"
"LP001186","Female","Yes","1","Graduate","Yes",0.997953695940681,-0.554035609238777,1.6309405329985,0.276411036726991,-2.30816285089995,"Urban","N"
"LP001194","Male","Yes","2","Graduate","No",-0.441224569662023,-0.155231457043932,-0.577330370193043,0.276411036726991,0.432476828905465,"Semiurban","Y"
"LP001195","Male","Yes","0","Graduate","No",-0.535511043841636,-0.0103360324247254,-0.589014343225802,0.276411036726991,0.432476828905465,"Semiurban","Y"
"LP001197","Male","Yes","0","Graduate","No",-0.333515368255451,0.197780273219371,-0.133339394948181,0.276411036726991,0.432476828905465,"Rural","N"
"LP001198","Male","Yes","1","Graduate","No",0.438127755499229,0.214866997820693,0.392439391525997,0.276411036726991,0.432476828905465,"Urban","Y"
"LP001199","Male","Yes","2","Not Graduate","No",-0.334988594414508,0.422983303464789,-0.0281836376533456,0.276411036726991,0.432476828905465,"Urban","Y"
"LP001205","Male","Yes","0","Graduate","No",-0.475272463115772,0.743188522493555,-0.308598990439574,0.276411036726991,0.432476828905465,"Urban","Y"
"LP001206","Male","Yes","3+","Graduate","No",-0.388679503322343,-0.554035609238777,-0.553962424127524,0.276411036726991,0.432476828905465,"Urban","Y"
"LP001207","Male","Yes","0","Not Graduate","Yes",-0.457430057411644,0.624606653760383,0.217179796034604,-2.48769933054292,-2.30816285089995,"Rural","N"
"LP001213","Male","Yes","1","Graduate","No",-0.075046023238769,-0.554035609238777,-0.215127206177498,0.276411036726991,-2.30816285089995,"Rural","N"
"LP001222","Female","No","0","Graduate","No",-0.202561931894878,-0.554035609238777,-0.355334882570612,0.276411036726991,-2.30816285089995,"Semiurban","N"
"LP001225","Male","Yes","0","Graduate","No",0.052797269008241,1.01623438162267,1.30378928808124,0.276411036726991,0.432476828905465,"Semiurban","N"
"LP001228","Male","No","0","Not Graduate","No",-0.36068820630027,0.216233935788798,-0.238495152243017,-2.48769933054292,-2.30816285089995,"Urban","N"
"LP001233","Male","Yes","1","Graduate","No",0.875184849352643,-0.554035609238777,1.93472383185025,0.276411036726991,0.432476828905465,"Urban","Y"
"LP001238","Male","Yes","3+","Not Graduate","Yes",0.277709795957526,-0.554035609238777,-0.250179125275776,-4.33043957538952,0.432476828905465,"Urban","Y"
"LP001241","Female","No","0","Graduate","No",-0.180627231304481,-0.554035609238777,-0.121655421915422,0.276411036726991,-2.30816285089995,"Semiurban","N"
"LP001243","Male","Yes","0","Graduate","No",-0.359378671936664,0.49372234331426,0.298967607263921,0.276411036726991,0.432476828905465,"Urban","Y"
"LP001245","Male","Yes","2","Not Graduate","Yes",-0.57757983527247,0.086716563310781,-0.577330370193043,0.276411036726991,0.432476828905465,"Semiurban","Y"
"LP001248","Male","No","0","Graduate","No",-0.311580667665055,-0.554035609238777,-0.764273938717195,-0.644959085696312,0.432476828905465,"Semiurban","Y"
"LP001250","Male","Yes","3+","Not Graduate","No",-0.106147464374405,-0.554035609238777,-0.600698316258562,0.276411036726991,-2.30816285089995,"Semiurban","N"
"LP001253","Male","Yes","3+","Graduate","Yes",-0.0225009568990888,0.0522013796161115,0.474227202755313,0.276411036726991,0.432476828905465,"Semiurban","Y"
"LP001255","Male","No","0","Graduate","No",-0.270657718802376,-0.554035609238777,-0.39038680166889,2.1191512815736,0.432476828905465,"Urban","N"
"LP001256","Male","No","0","Graduate","No",-0.270657718802376,1.06920322788677,0.345703499394959,0.276411036726991,0.432476828905465,"Urban","N"
"LP001259","Male","Yes","1","Graduate","Yes",-0.720810156291848,0.478686025665097,-0.425438720767169,0.276411036726991,0.432476828905465,"Urban","N"
"LP001263","Male","Yes","3+","Graduate","No",-0.366090035550144,0.812902358866947,0.392439391525997,-0.644959085696312,-2.30816285089995,"Semiurban","N"
"LP001264","Male","Yes","3+","Not Graduate","Yes",-0.338917197505325,0.186161300490472,-0.191759260111979,0.276411036726991,0.432476828905465,"Semiurban","Y"
"LP001265","Female","No","0","Graduate","No",-0.254943306439107,-0.554035609238777,-0.413754747734409,0.276411036726991,0.432476828905465,"Semiurban","Y"
"LP001266","Male","Yes","1","Graduate","Yes",-0.492460101638097,-0.554035609238777,-0.215127206177498,0.276411036726991,0.432476828905465,"Semiurban","Y"
"LP001267","Female","Yes","2","Graduate","No",-0.658934657611477,0.0887669702629396,0.240547742100123,0.276411036726991,0.432476828905465,"Urban","N"
"LP001273","Male","Yes","0","Graduate","No",0.0976488209617375,0.214866997820693,1.38557709931056,0.276411036726991,0.432476828905465,"Semiurban","N"
"LP001275","Male","Yes","1","Graduate","No",-0.231699071485105,-0.554035609238777,-1.12647710273274,-1.56632920811961,0.432476828905465,"Urban","Y"
"LP001279","Male","No","0","Graduate","No",-0.497207163706168,0.31089439008012,-0.121655421915422,0.276411036726991,0.432476828905465,"Semiurban","Y"
"LP001280","Male","Yes","2","Not Graduate","No",-0.338917197505325,0.129433374814085,-0.553962424127524,0.276411036726991,0.432476828905465,"Semiurban","Y"
"LP001282","Male","Yes","0","Graduate","No",-0.475272463115772,0.169758044873204,-0.495542558963726,0.276411036726991,0.432476828905465,"Semiurban","Y"
"LP001289","Male","No","0","Graduate","No",0.517681968088277,-0.554035609238777,0.742958582508782,0.276411036726991,0.432476828905465,"Urban","Y"
"LP001310","Male","Yes","0","Graduate","No",0.0477228233492688,0.869972019035361,0.334019526362199,0.276411036726991,0.432476828905465,"Semiurban","Y"
"LP001316","Male","Yes","0","Graduate","No",-0.400301620799344,0.436994417637873,-0.180075287079219,0.276411036726991,0.432476828905465,"Semiurban","Y"
"LP001318","Male","Yes","2","Graduate","No",0.138571769824417,1.37813120867866,0.485911175788073,-2.48769933054292,0.432476828905465,"Semiurban","Y"
"LP001319","Male","Yes","2","Not Graduate","No",-0.348738705232368,0.0679211662493273,-0.764273938717195,0.276411036726991,0.432476828905465,"Urban","Y"
"LP001322","Male","No","0","Graduate","No",-0.207963761144751,-0.554035609238777,-0.285231044374055,0.276411036726991,0.432476828905465,"Semiurban","Y"
"LP001325","Male","No","0","Not Graduate","No",-0.291937652210969,-0.554035609238777,-1.41857642855173,-3.40906945296622,0.432476828905465,"Semiurban","Y"
"LP001326","Male","No","0","Graduate","",0.225655805004198,-0.554035609238777,-0.215127206177498,0.276411036726991,0.432476828905465,"Urban","N"
"LP001327","Female","Yes","0","Graduate","No",-0.477891531842984,0.232637191406067,-0.109971448882662,0.276411036726991,0.432476828905465,"Semiurban","Y"
"LP001333","Male","Yes","0","Graduate","No",-0.560883272136497,-0.213326320688425,-1.12647710273274,0.276411036726991,0.432476828905465,"Semiurban","Y"
"LP001334","Male","Yes","0","Not Graduate","No",-0.198960712394962,-0.554035609238777,-0.367018855603371,-2.48769933054292,0.432476828905465,"Semiurban","Y"
"LP001343","Male","Yes","0","Graduate","No",-0.596568083544753,0.656046227026815,-0.180075287079219,0.276411036726991,0.432476828905465,"Semiurban","Y"
"LP001345","Male","Yes","2","Not Graduate","No",-0.18259153284989,0.561044038243467,-0.1567073410137,-2.48769933054292,0.432476828905465,"Urban","Y"
"LP001349","Male","No","0","Graduate","No",-0.0917425863747421,0.746605867413819,0.053604173575971,0.276411036726991,0.432476828905465,"Semiurban","Y"
"LP001350","Male","Yes","","Graduate","No",1.34989105615972,-0.554035609238777,-0.215127206177498,0.276411036726991,0.432476828905465,"Urban","Y"
"LP001356","Male","Yes","0","Graduate","No",-0.123007719305829,0.670399075691925,-0.215127206177498,0.276411036726991,0.432476828905465,"Semiurban","Y"
"LP001357","Male","","","Graduate","No",-0.259854060302628,-0.296367802250848,0.158759930870807,0.276411036726991,0.432476828905465,"Urban","Y"
"LP001367","Male","Yes","1","Graduate","No",-0.384914592026976,-0.202049082451553,-0.542278451094764,0.276411036726991,0.432476828905465,"Urban","Y"
"LP001369","Male","Yes","2","Graduate","No",0.984367276918272,-0.169242571217016,0.918218178000175,0.276411036726991,0.432476828905465,"Urban","Y"
"LP001370","Male","No","0","Not Graduate","",0.315849984297543,-0.554035609238777,-0.308598990439574,0.276411036726991,0.432476828905465,"Rural","N"
"LP001379","Male","Yes","2","Graduate","No",-0.26247312902984,0.676208562056374,0.813062420705339,0.276411036726991,-2.30816285089995,"Urban","N"
"LP001384","Male","Yes","3+","Not Graduate","No",-0.54549624336413,-0.296367802250848,-0.612382289291321,2.1191512815736,0.432476828905465,"Semiurban","Y"
"LP001385","Male","No","0","Graduate","No",-0.014316367126553,-0.554035609238777,-0.121655421915422,0.276411036726991,0.432476828905465,"Urban","Y"
"LP001387","Female","Yes","0","Graduate","",-0.405048682867415,0.243230960658886,-0.0866035028171431,0.276411036726991,0.432476828905465,"Semiurban","Y"
"LP001391","Male","Yes","0","Not Graduate","No",-0.299794858392603,0.85186009095796,0.0652881466087305,0.276411036726991,-2.30816285089995,"Rural","N"
"LP001392","Female","No","1","Graduate","Yes",0.335165616160728,-0.554035609238777,-0.215127206177498,0.276411036726991,0.432476828905465,"Semiurban","Y"
"LP001398","Male","No","0","Graduate","",-0.0578583847164437,-0.554035609238777,-0.331966936505093,0.276411036726991,0.432476828905465,"Semiurban","Y"
"LP001401","Male","Yes","1","Graduate","No",1.50261550131524,-0.554035609238777,0.450859256689794,-2.48769933054292,0.432476828905465,"Rural","Y"
"LP001404","Female","Yes","0","Graduate","No",-0.366090035550144,0.226144236057565,0.0886560926742495,0.276411036726991,0.432476828905465,"Semiurban","Y"
"LP001405","Male","Yes","1","Graduate","No",-0.522088316614677,-0.0762907893858266,-0.717538046586157,0.276411036726991,0.432476828905465,"Urban","Y"
"LP001421","Male","Yes","0","Graduate","No",0.0269339653270277,0.177959672681838,0.334019526362199,0.276411036726991,0.432476828905465,"Rural","N"
"LP001422","Female","No","0","Graduate","No",0.819202255308498,-0.554035609238777,1.315473261114,0.276411036726991,0.432476828905465,"Urban","Y"
"LP001426","Male","Yes","","Graduate","No",0.0431394530766487,0.357370280995714,0.392439391525997,0.276411036726991,0.432476828905465,"Rural","Y"
"LP001430","Female","No","0","Graduate","No",-0.202561931894878,-0.554035609238777,-1.1965809409293,0.276411036726991,0.432476828905465,"Semiurban","Y"
"LP001431","Female","No","0","Graduate","No",-0.534692584864382,2.51474012915857,-0.109971448882662,0.276411036726991,-2.30816285089995,"Semiurban","Y"
"LP001432","Male","Yes","2","Graduate","No",-0.400465312594794,-0.554035609238777,-0.764273938717195,0.276411036726991,0.432476828905465,"Semiurban","Y"
"LP001439","Male","Yes","0","Not Graduate","No",-0.180627231304481,0.134217657702455,0.55601501398463,0.276411036726991,0.432476828905465,"Rural","Y"
"LP001443","Female","No","0","Graduate","No",-0.280151842938517,-0.554035609238777,-0.624066262324081,0.276411036726991,0.432476828905465,"Rural","Y"
"LP001448","","Yes","3+","Graduate","No",3.01185385537085,-0.554035609238777,2.6123942677503,0.276411036726991,0.432476828905465,"Rural","Y"
"LP001449","Male","No","0","Graduate","No",-0.251833162325543,0.00640895768456971,-0.215127206177498,0.276411036726991,0.432476828905465,"Rural","Y"
"LP001451","Male","Yes","1","Graduate","Yes",0.836389893830823,0.761642185062982,0.158759930870807,-2.48769933054292,-2.30816285089995,"Urban","N"
"LP001465","Male","Yes","0","Graduate","No",0.110744164597795,0.323880300777124,0.415807337591516,0.276411036726991,0.432476828905465,"Rural","N"
"LP001469","Male","No","0","Graduate","Yes",2.41650679531659,-0.554035609238777,5.88390671692297,2.1191512815736,0.432476828905465,"Urban","Y"
"LP001473","Male","No","0","Graduate","No",-0.554826675704821,0.105170225880208,-0.846061749946511,0.276411036726991,0.432476828905465,"Urban","Y"
"LP001478","Male","No","0","Graduate","No",-0.439587651707516,-0.554035609238777,-0.892797642077549,0.276411036726991,0.432476828905465,"Semiurban","Y"
"LP001482","Male","Yes","0","Graduate","Yes",-0.318292031278534,-0.554035609238777,-1.41857642855173,-3.40906945296622,0.432476828905465,"Semiurban","Y"
"LP001487","Male","No","0","Graduate","No",-0.0832306130113048,-0.554035609238777,-0.518910505029245,0.276411036726991,0.432476828905465,"Semiurban","Y"
"LP001488","Male","Yes","3+","Graduate","No",-0.229734769939697,2.09440670396606,1.67767642512954,0.276411036726991,0.432476828905465,"Semiurban","N"
"LP001489","Female","Yes","0","Graduate","No",-0.134302453191929,-0.554035609238777,-0.729222019618916,0.276411036726991,0.432476828905465,"Rural","N"
"LP001491","Male","Yes","2","Graduate","Yes",-0.341699958027987,0.642035112853731,-0.682486127487878,0.276411036726991,0.432476828905465,"Urban","Y"
"LP001492","Male","No","0","Graduate","No",1.57071128822274,-0.554035609238777,1.11684571955709,0.276411036726991,-2.30816285089995,"Semiurban","N"
"LP001493","Male","Yes","2","Not Graduate","No",-0.196996410849553,-0.0653552856409808,-0.203443233144738,0.276411036726991,0.432476828905465,"Rural","N"
"LP001497","Male","Yes","2","Graduate","No",-0.0591679190800494,0.157797337652279,0.450859256689794,0.276411036726991,0.432476828905465,"Rural","N"
"LP001498","Male","No","0","Graduate","No",0.00221650421396947,-0.554035609238777,0.252231715132883,0.276411036726991,0.432476828905465,"Urban","Y"
"LP001504","Male","No","0","Graduate","Yes",0.253156026639919,-0.554035609238777,0.334019526362199,-2.48769933054292,0.432476828905465,"Semiurban","Y"
"LP001507","Male","Yes","0","Graduate","No",-0.44286148761653,0.141052347542984,-0.285231044374055,0.276411036726991,0.432476828905465,"Semiurban","Y"
"LP001508","Male","Yes","2","Graduate","No",1.04002248737152,-0.554035609238777,0.474227202755313,-2.48769933054292,0.432476828905465,"Urban","Y"
"LP001514","Female","Yes","0","Graduate","No",-0.503100068342394,0.978985321991792,-0.542278451094764,0.276411036726991,0.432476828905465,"Semiurban","Y"
"LP001516","Female","Yes","2","Graduate","No",1.54894027942779,-0.554035609238777,-0.892797642077549,0.276411036726991,0.432476828905465,"Urban","Y"
"LP001518","Male","Yes","1","Graduate","No",-0.632743970339362,-0.0670639581011129,-1.36015656338793,0.276411036726991,0.432476828905465,"Urban","Y"
"LP001519","Female","No","0","Graduate","No",0.752416002764606,0.0152940544772569,0.918218178000175,0.276411036726991,0.432476828905465,"Rural","N"
"LP001520","Male","Yes","0","Graduate","No",-0.0889598258520799,-0.270395980856839,-0.250179125275776,0.276411036726991,0.432476828905465,"Semiurban","Y"
"LP001528","Male","No","0","Graduate","No",0.142991448301586,-0.554035609238777,-0.331966936505093,0.276411036726991,-2.30816285089995,"Rural","N"
"LP001529","Male","Yes","0","Graduate","Yes",-0.462668194866067,0.727468735860339,0.0652881466087305,0.276411036726991,0.432476828905465,"Rural","Y"
"LP001531","Male","No","0","Graduate","No",0.615897045358708,-0.554035609238777,1.14021366562261,0.276411036726991,0.432476828905465,"Urban","N"
"LP001532","Male","Yes","2","Not Graduate","No",-0.511120966319479,-0.554035609238777,-0.39038680166889,0.276411036726991,0.432476828905465,"Rural","N"
"LP001535","Male","No","0","Graduate","No",-0.351848849345931,-0.554035609238777,-1.12647710273274,0.276411036726991,0.432476828905465,"Urban","Y"
"LP001536","Male","Yes","3+","Graduate","No",5.66300617449067,-0.554035609238777,5.29970806528499,-2.48769933054292,-2.30816285089995,"Semiurban","Y"
"LP001541","Male","Yes","1","Graduate","No",0.0976488209617375,-0.554035609238777,0.158759930870807,0.276411036726991,0.432476828905465,"Rural","Y"
"LP001543","Male","Yes","1","Graduate","No",0.676790393266374,-0.554035609238777,0.474227202755313,0.276411036726991,0.432476828905465,"Urban","Y"
"LP001546","Male","No","0","Graduate","",-0.396700401299428,0.157797337652279,-0.308598990439574,0.276411036726991,0.432476828905465,"Rural","Y"
"LP001552","Male","Yes","0","Graduate","No",-0.134302453191929,1.3682209084099,1.26873736898296,0.276411036726991,0.432476828905465,"Semiurban","Y"
"LP001560","Male","Yes","0","Not Graduate","No",-0.579544136817879,-0.198290003039262,-0.565646397160283,0.276411036726991,0.432476828905465,"Semiurban","Y"
"LP001562","Male","Yes","0","Graduate","No",0.414065061567974,-0.554035609238777,1.50241682963815,0.276411036726991,0.432476828905465,"Urban","N"
"LP001565","Male","Yes","1","Graduate","No",-0.3788579955953,-0.116615459444945,-0.296915017406814,0.276411036726991,-2.30816285089995,"Semiurban","N"
"LP001570","Male","Yes","2","Graduate","No",-0.202398240099427,-0.0595457992765315,0.135391984805288,0.276411036726991,0.432476828905465,"Rural","Y"
"LP001572","Male","Yes","0","Graduate","No",0.64159665724447,-0.554035609238777,-0.834377776913752,-2.48769933054292,0.432476828905465,"Urban","Y"
"LP001574","Male","Yes","0","Graduate","No",-0.277696466006757,0.527895792516903,0.415807337591516,0.276411036726991,0.432476828905465,"Rural","Y"
"LP001577","Female","Yes","0","Graduate","No",-0.134302453191929,-0.554035609238777,-0.40207077470165,0.276411036726991,0.432476828905465,"Rural","N"
"LP001578","Male","Yes","0","Graduate","No",-0.485257662638266,0.584965452685317,-0.203443233144738,0.276411036726991,0.432476828905465,"Rural","Y"
"LP001579","Male","No","0","Graduate","No",-0.518323405319311,-0.554035609238777,-0.974585453306866,2.1191512815736,-2.30816285089995,"Semiurban","N"
"LP001580","Male","Yes","2","Graduate","No",0.425032411863172,-0.554035609238777,0.626118852181187,0.276411036726991,0.432476828905465,"Semiurban","Y"
"LP001581","Male","Yes","0","Not Graduate","",-0.58658288402226,0.0504927071559793,-0.600698316258562,0.276411036726991,0.432476828905465,"Rural","Y"
"LP001585","","Yes","3+","Graduate","No",7.5886764561729,-0.554035609238777,6.46810536856094,-0.644959085696312,0.432476828905465,"Urban","Y"
"LP001586","Male","Yes","3+","Not Graduate","No",-0.307979448165139,-0.554035609238777,-0.764273938717195,-2.48769933054292,0.432476828905465,"Rural","N"
"LP001594","Male","Yes","0","Graduate","No",0.0498508166901281,1.3682209084099,0.474227202755313,0.276411036726991,0.432476828905465,"Semiurban","Y"
"LP001603","Male","Yes","0","Not Graduate","Yes",-0.17342479230465,-0.302519023107324,-0.694170100520638,0.276411036726991,0.432476828905465,"Semiurban","N"
"LP001606","Male","Yes","0","Graduate","No",-0.312071743051407,0.117130933101133,-0.355334882570612,0.276411036726991,0.432476828905465,"Rural","Y"
"LP001608","Male","Yes","2","Graduate","No",-0.549752230045848,-0.000767466647985337,-0.530594478062005,0.276411036726991,0.432476828905465,"Rural","Y"
"LP001610","Male","Yes","3+","Graduate","No",0.0184219919635905,3.30756415065989,4.07289089684524,0.276411036726991,-2.30816285089995,"Semiurban","N"
"LP001616","Male","Yes","1","Graduate","No",-0.270657718802376,-0.554035609238777,-0.355334882570612,0.276411036726991,0.432476828905465,"Semiurban","Y"
"LP001630","Male","No","0","Not Graduate","No",-0.502608992956042,-0.0581788613084257,-0.518910505029245,2.1191512815736,-2.30816285089995,"Urban","N"
"LP001633","Male","Yes","1","Graduate","No",0.163125539142024,1.92353945795285,0.392439391525997,0.276411036726991,-2.30816285089995,"Urban","N"
"LP001634","Male","No","0","Graduate","No",-0.570868471658991,1.17616612389104,-0.927849561175828,0.276411036726991,0.432476828905465,"Rural","N"
"LP001636","Male","Yes","0","Graduate","No",-0.131519692669266,-0.554035609238777,-0.857745722979271,-2.48769933054292,0.432476828905465,"Semiurban","Y"
"LP001637","Male","Yes","1","Graduate","No",4.6558105570824,-0.554035609238777,1.32715723414676,0.276411036726991,0.432476828905465,"Semiurban","N"
"LP001639","Female","Yes","0","Graduate","No",-0.291119193233715,-0.554035609238777,-0.448806666832688,0.276411036726991,0.432476828905465,"Semiurban","Y"
"LP001640","Male","Yes","0","Graduate","Yes",5.52354076476666,1.06920322788677,-0.308598990439574,0.276411036726991,0.432476828905465,"Semiurban","Y"
"LP001641","Male","Yes","1","Graduate","Yes",-0.527981221250903,-0.554035609238777,-0.939533534208587,-0.644959085696312,-2.30816285089995,"Rural","N"
"LP001643","Male","Yes","0","Graduate","No",-0.494424403183506,0.176592734713732,-1.03300531847066,0.276411036726991,0.432476828905465,"Rural","Y"
"LP001644","","Yes","0","Graduate","Yes",-0.774173681608781,1.2557902605332,0.252231715132883,0.276411036726991,0.432476828905465,"Rural","Y"
"LP001647","Male","Yes","0","Graduate","No",0.642415116221724,-0.554035609238777,0.485911175788073,-2.48769933054292,0.432476828905465,"Rural","Y"
"LP001653","Male","No","0","Not Graduate","No",-0.084867530965812,-0.554035609238777,-1.14984504879826,0.276411036726991,0.432476828905465,"Rural","Y"
"LP001656","Male","No","0","Graduate","No",1.07979959366604,-0.554035609238777,0.205495823001845,0.276411036726991,0.432476828905465,"Semiurban","N"
"LP001657","Male","Yes","0","Not Graduate","No",0.103050650211611,-0.554035609238777,0.158759930870807,0.276411036726991,0.432476828905465,"Urban","N"
"LP001658","Male","No","0","Graduate","No",-0.252979004893698,-0.554035609238777,-0.822693803880992,0.276411036726991,0.432476828905465,"Semiurban","Y"
"LP001664","Male","No","0","Graduate","No",-0.19846963700861,-0.554035609238777,-0.308598990439574,0.276411036726991,0.432476828905465,"Rural","Y"
"LP001665","Male","Yes","1","Graduate","No",-0.372965090959074,0.328664583665494,0.275599661198402,0.276411036726991,0.432476828905465,"Semiurban","N"
"LP001666","Male","No","0","Graduate","No",0.47954177974826,0.727468735860339,0.474227202755313,0.276411036726991,0.432476828905465,"Rural","Y"
"LP001669","Female","No","0","Not Graduate","No",-0.572341697818047,0.254166464403732,-0.308598990439574,0.276411036726991,0.432476828905465,"Urban","Y"
"LP001671","Female","Yes","0","Graduate","No",-0.325330778482915,0.408288720307653,-0.39038680166889,0.276411036726991,0.432476828905465,"Semiurban","Y"
"LP001673","Male","No","0","Graduate","Yes",0.916107798215323,-0.554035609238777,-0.740905992651676,0.276411036726991,0.432476828905465,"Urban","N"
"LP001674","Male","Yes","1","Not Graduate","No",-0.4589032835707,0.3003006208273,-0.659118181422359,0.276411036726991,0.432476828905465,"Semiurban","Y"
"LP001677","Male","No","2","Graduate","No",-0.0786472427386847,-0.554035609238777,0.228863769067364,0.276411036726991,-2.30816285089995,"Semiurban","Y"
"LP001682","Male","Yes","3+","Not Graduate","No",-0.231044304303302,-0.554035609238777,-0.215127206177498,-2.48769933054292,0.432476828905465,"Urban","N"
"LP001688","Male","Yes","1","Not Graduate","No",-0.311580667665055,-0.183937154374152,-0.133339394948181,0.276411036726991,0.432476828905465,"Urban","Y"
"LP001691","Male","Yes","2","Not Graduate","No",-0.243321188962106,-0.554035609238777,-0.261863098308536,0.276411036726991,0.432476828905465,"Semiurban","Y"
"LP001692","Female","No","0","Not Graduate","No",-0.162948517395804,-0.554035609238777,-0.308598990439574,0.276411036726991,0.432476828905465,"Semiurban","Y"
"LP001693","Female","No","0","Graduate","No",-0.353485767300439,-0.554035609238777,-0.775957911749954,0.276411036726991,0.432476828905465,"Urban","Y"
"LP001698","Male","No","0","Not Graduate","No",-0.233827064825964,0.31089439008012,-1.06805723756894,0.276411036726991,0.432476828905465,"Rural","Y"
"LP001699","Male","No","0","Graduate","No",-0.478709990820237,-0.554035609238777,-1.0213213454379,0.276411036726991,0.432476828905465,"Urban","Y"
"LP001702","Male","No","0","Graduate","No",-0.325003394892014,-0.554035609238777,-0.226811179210257,0.276411036726991,0.432476828905465,"Semiurban","N"
"LP001708","Female","No","0","Graduate","No",0.752416002764606,-0.554035609238777,0.78969447463982,0.276411036726991,0.432476828905465,"Semiurban","N"
"LP001711","Male","Yes","3+","Graduate","No",-0.323039093346605,-0.126867494205738,-0.215127206177498,0.276411036726991,-2.30816285089995,"Semiurban","N"
"LP001713","Male","Yes","1","Graduate","Yes",0.390166059432169,-0.554035609238777,1.09347777349157,0.276411036726991,0.432476828905465,"Urban","Y"
"LP001715","Male","Yes","3+","Not Graduate","Yes",0.0490323577128745,-0.554035609238777,-0.191759260111979,0.276411036726991,0.432476828905465,"Rural","Y"
"LP001716","Male","Yes","0","Graduate","No",-0.36510788477744,0.478344291173071,-0.109971448882662,0.276411036726991,0.432476828905465,"Urban","Y"
"LP001720","Male","Yes","3+","Not Graduate","No",-0.254288539257304,-0.218110603576795,-0.542278451094764,0.276411036726991,0.432476828905465,"Semiurban","Y"
"LP001722","Male","Yes","0","Graduate","No",-0.859948182424957,0.0610864764087987,-0.133339394948181,0.276411036726991,0.432476828905465,"Rural","N"
"LP001726","Male","Yes","0","Graduate","No",-0.274422630097742,0.0525431141081379,-0.180075287079219,0.276411036726991,0.432476828905465,"Semiurban","Y"
"LP001732","Male","Yes","2","Graduate","",-0.0660429744889795,-0.554035609238777,-0.86942969601203,0.276411036726991,-2.30816285089995,"Semiurban","N"
"LP001734","Female","Yes","2","Graduate","No",-0.183409991827144,0.260317685260208,-0.226811179210257,0.276411036726991,0.432476828905465,"Semiurban","Y"
"LP001736","Male","Yes","0","Graduate","No",-0.520942474046522,-0.554035609238777,-1.00963737240514,0.276411036726991,-2.30816285089995,"Urban","N"
"LP001743","Male","Yes","2","Graduate","No",-0.22826154378064,0.0327225135706049,-0.355334882570612,0.276411036726991,0.432476828905465,"Semiurban","Y"
"LP001744","Male","No","0","Graduate","No",-0.398173627458484,0.399745358006992,-0.0281836376533456,0.276411036726991,0.432476828905465,"Semiurban","Y"
"LP001749","Male","Yes","0","Graduate","No",0.355954474182969,-0.208883772292082,0.334019526362199,0.276411036726991,0.432476828905465,"Semiurban","Y"
"LP001750","Male","Yes","0","Graduate","No",0.138571769824417,-0.554035609238777,-0.215127206177498,0.276411036726991,0.432476828905465,"Semiurban","Y"
"LP001751","Male","Yes","0","Graduate","No",-0.352503616527734,-0.554035609238777,0.275599661198402,0.276411036726991,0.432476828905465,"Rural","N"
"LP001754","Male","Yes","","Not Graduate","Yes",-0.10942130028342,-0.554035609238777,-0.0982874758499026,0.276411036726991,0.432476828905465,"Urban","N"
"LP001758","Male","Yes","2","Graduate","No",0.138571769824417,0.0252043547460234,0.742958582508782,0.276411036726991,0.432476828905465,"Semiurban","Y"
"LP001760","Male","","","Graduate","No",-0.105656388988053,-0.554035609238777,0.135391984805288,2.1191512815736,0.432476828905465,"Semiurban","Y"
"LP001761","Male","No","0","Graduate","Yes",0.163125539142024,-0.554035609238777,0.626118852181187,0.276411036726991,0.432476828905465,"Rural","Y"
"LP001765","Male","Yes","1","Graduate","No",-0.476745689274829,0.147887037383512,-0.495542558963726,0.276411036726991,0.432476828905465,"Semiurban","Y"
"LP001768","Male","Yes","0","Graduate","",-0.2762232398477,-0.554035609238777,-1.21994888699482,-2.48769933054292,0.432476828905465,"Rural","Y"
"LP001770","Male","No","0","Not Graduate","No",-0.362488816050228,0.333790601045891,-0.308598990439574,0.276411036726991,0.432476828905465,"Rural","Y"
"LP001776","Female","No","0","Graduate","No",0.47954177974826,-0.554035609238777,1.56083669480195,0.276411036726991,0.432476828905465,"Semiurban","Y"
"LP001778","Male","Yes","1","Graduate","No",-0.368054337095552,0.0539100520762436,-0.0749195297843836,0.276411036726991,0.432476828905465,"Semiurban","Y"
"LP001784","Male","Yes","1","Graduate","No",0.015802923236379,-0.123450149285474,0.275599661198402,0.276411036726991,0.432476828905465,"Rural","Y"
"LP001786","Male","Yes","0","Graduate","",0.0560711049172554,-0.554035609238777,1.26873736898296,0.276411036726991,0.432476828905465,"Urban","N"
"LP001788","Female","No","0","Graduate","Yes",-0.317637264096732,-0.554035609238777,-0.285231044374055,0.276411036726991,0.432476828905465,"Urban","Y"
"LP001790","Female","No","1","Graduate","No",-0.260508827484431,-0.554035609238777,-0.40207077470165,0.276411036726991,0.432476828905465,"Rural","Y"
"LP001792","Male","Yes","1","Graduate","No",-0.341863649823438,-0.554035609238777,-0.589014343225802,0.276411036726991,0.432476828905465,"Semiurban","Y"
"LP001798","Male","Yes","2","Graduate","No",0.0680206059851577,1.15463685089338,-0.308598990439574,0.276411036726991,0.432476828905465,"Rural","Y"
"LP001800","Male","Yes","1","Not Graduate","No",-0.473635545161265,0.123623888449636,-0.0749195297843836,-2.48769933054292,0.432476828905465,"Urban","N"
"LP001806","Male","No","0","Graduate","No",-0.399155778231189,1.39419272980391,0.100340065707009,-4.33043957538952,0.432476828905465,"Urban","Y"
"LP001807","Male","Yes","2","Graduate","Yes",0.138571769824417,-0.109780769604417,-0.448806666832688,0.276411036726991,0.432476828905465,"Rural","Y"
"LP001811","Male","Yes","0","Not Graduate","No",-0.326967696437422,0.955405642041968,-0.273547071341295,0.276411036726991,0.432476828905465,"Semiurban","Y"
"LP001813","Male","No","0","Graduate","Yes",0.105833410734273,0.926699944711748,-0.308598990439574,-2.48769933054292,0.432476828905465,"Urban","N"
"LP001814","Male","Yes","2","Graduate","No",0.703799539515743,-0.554035609238777,-0.40207077470165,0.276411036726991,0.432476828905465,"Urban","Y"
"LP001819","Male","Yes","1","Not Graduate","No",0.197173432595773,-0.554035609238777,-0.109971448882662,-2.48769933054292,0.432476828905465,"Urban","Y"
"LP001824","Male","Yes","1","Graduate","No",-0.412742197253598,0.0757810595659352,-0.273547071341295,2.1191512815736,0.432476828905465,"Semiurban","Y"
"LP001825","Male","Yes","0","Graduate","No",-0.588383493772218,0.084324421866596,-0.659118181422359,0.276411036726991,0.432476828905465,"Urban","Y"
"LP001835","Male","Yes","0","Not Graduate","No",-0.611464036930769,0.775311564744039,0.637802825213946,0.276411036726991,-2.30816285089995,"Semiurban","N"
"LP001836","Female","No","2","Graduate","No",-0.323530168732957,-0.554035609238777,-0.0982874758499026,0.276411036726991,0.432476828905465,"Urban","N"
"LP001841","Male","No","0","Not Graduate","Yes",-0.461686044093363,0.186503034982499,-0.495542558963726,0.276411036726991,0.432476828905465,"Rural","Y"
"LP001843","Male","Yes","1","Not Graduate","No",-0.448918084048207,1.87262101864091,1.54915272176919,-2.48769933054292,0.432476828905465,"Semiurban","Y"
"LP001844","Male","No","0","Graduate","Yes",1.77548972433159,-0.554035609238777,0.532647067919111,0.276411036726991,-2.30816285089995,"Urban","N"
"LP001846","Female","No","3+","Graduate","No",-0.379840146368004,-0.554035609238777,1.26873736898296,0.276411036726991,0.432476828905465,"Rural","Y"
"LP001849","Male","No","0","Not Graduate","No",0.10501495175702,-0.554035609238777,-0.367018855603371,0.276411036726991,-2.30816285089995,"Rural","N"
"LP001854","Male","Yes","3+","Graduate","No",-0.0251200256263003,-0.554035609238777,-0.612382289291321,0.276411036726991,0.432476828905465,"Urban","N"
"LP001859","Male","Yes","0","Graduate","No",1.51898468086031,0.163606824016728,1.84125204758818,0.276411036726991,0.432476828905465,"Rural","N"
"LP001864","Male","Yes","3+","Not Graduate","No",-0.077337708375079,-0.554035609238777,-0.215127206177498,0.276411036726991,0.432476828905465,"Semiurban","N"
"LP001865","Male","Yes","1","Graduate","No",0.111235239984147,0.898335981873554,2.14503534643992,0.276411036726991,0.432476828905465,"Urban","Y"
"LP001868","Male","No","0","Graduate","No",-0.547296853114088,0.200855883647609,-0.145023367980941,0.276411036726991,0.432476828905465,"Semiurban","Y"
"LP001870","Female","No","1","Graduate","No",-0.314690811778619,-0.554035609238777,0.100340065707009,-4.69898762435884,0.432476828905465,"Semiurban","N"
"LP001871","Female","No","0","Graduate","No",0.294078975502598,-0.554035609238777,-0.308598990439574,0.276411036726991,0.432476828905465,"Rural","Y"
"LP001872","Male","No","0","Graduate","Yes",-0.0388701364441605,-0.554035609238777,-0.215127206177498,0.276411036726991,0.432476828905465,"Semiurban","Y"
"LP001875","Male","No","0","Graduate","No",-0.214184049371878,0.62392318477633,0.053604173575971,0.276411036726991,0.432476828905465,"Rural","Y"
"LP001877","Male","Yes","2","Graduate","No",-0.113840978760589,-0.0800498687981173,0.0419202005432115,0.276411036726991,0.432476828905465,"Semiurban","Y"
"LP001882","Male","Yes","3+","Graduate","No",-0.175225402054608,0.0648455558210894,0.158759930870807,0.276411036726991,-2.30816285089995,"Urban","Y"
"LP001883","Female","No","0","Graduate","",-0.325003394892014,-0.554035609238777,-0.133339394948181,0.276411036726991,0.432476828905465,"Rural","N"
"LP001884","Female","No","1","Graduate","No",-0.413724348026302,-0.0209298016775448,-0.659118181422359,0.276411036726991,0.432476828905465,"Urban","Y"
"LP001888","Female","No","0","Graduate","No",-0.354631609868594,-0.554035609238777,-1.36015656338793,0.276411036726991,0.432476828905465,"Urban","Y"
"LP001891","Male","Yes","0","Graduate","No",0.940006800351127,-0.554035609238777,-0.121655421915422,0.276411036726991,0.432476828905465,"Urban","Y"
"LP001892","Male","No","0","Graduate","No",-0.420763095230683,0.0805653424543052,-0.238495152243017,0.276411036726991,0.432476828905465,"Rural","Y"
"LP001894","Male","Yes","0","Graduate","No",-0.455629447661686,0.205640166535979,0.0419202005432115,0.276411036726991,0.432476828905465,"Semiurban","Y"
"LP001896","Male","Yes","2","Graduate","No",-0.246103949484768,-0.554035609238777,-0.659118181422359,0.276411036726991,0.432476828905465,"Semiurban","Y"
"LP001900","Male","Yes","1","Graduate","No",-0.434349514253093,0.0754393250739088,-0.367018855603371,0.276411036726991,0.432476828905465,"Semiurban","Y"
"LP001903","Male","Yes","0","Graduate","No",-0.230880612507852,0.564803117655758,0.707906663410504,0.276411036726991,0.432476828905465,"Semiurban","Y"
"LP001904","Male","Yes","0","Graduate","No",-0.37656631045899,-0.109780769604417,-0.775957911749954,0.276411036726991,0.432476828905465,"Urban","Y"
"LP001907","Male","Yes","0","Graduate","No",1.50261550131524,-0.554035609238777,3.38353648791243,0.276411036726991,0.432476828905465,"Semiurban","Y"
"LP001908","Female","Yes","0","Not Graduate","No",-0.213365590394625,-0.554035609238777,-0.261863098308536,0.276411036726991,0.432476828905465,"Rural","Y"
"LP001910","Male","No","1","Not Graduate","Yes",-0.221059104780809,0.275012268417344,0.135391984805288,0.276411036726991,-2.30816285089995,"Urban","N"
"LP001914","Male","Yes","0","Graduate","No",-0.241684271007599,-0.280648015617632,-0.40207077470165,0.276411036726991,0.432476828905465,"Semiurban","Y"
"LP001915","Male","Yes","2","Graduate","No",-0.507847130410465,-0.217153751168282,-0.799325857815473,-2.48769933054292,0.432476828905465,"Urban","Y"
"LP001917","Female","No","0","Graduate","No",-0.588056110181316,0.0152940544772569,-1.0797412106017,0.276411036726991,0.432476828905465,"Urban","Y"
"LP001922","Male","Yes","0","Graduate","No",2.4985163848374,-0.554035609238777,-0.215127206177498,0.276411036726991,0.432476828905465,"Rural","N"
"LP001924","Male","No","0","Graduate","No",-0.3675632617092,0.489279794917917,-0.670802154455119,0.276411036726991,0.432476828905465,"Rural","Y"
"LP001925","Female","No","0","Graduate","Yes",-0.4589032835707,0.0327225135706049,-0.553962424127524,-0.644959085696312,0.432476828905465,"Semiurban","N"
"LP001926","Male","Yes","0","Graduate","No",-0.278187541393109,0.129433374814085,-0.308598990439574,0.276411036726991,0.432476828905465,"Rural","Y"
"LP001931","Female","No","0","Graduate","No",-0.209436987303808,-0.554035609238777,-0.367018855603371,0.276411036726991,0.432476828905465,"Semiurban","Y"
"LP001935","Male","No","0","Graduate","No",0.671879639402853,-0.554035609238777,0.474227202755313,0.276411036726991,0.432476828905465,"Rural","Y"
"LP001936","Male","Yes","0","Graduate","No",-0.38114968073161,0.27159492349708,-0.0866035028171431,0.276411036726991,0.432476828905465,"Rural","Y"
"LP001938","Male","Yes","2","Graduate","No",-0.16425805175941,-0.554035609238777,-0.226811179210257,0.276411036726991,-2.30816285089995,"Semiurban","N"
"LP001940","Male","Yes","2","Graduate","No",-0.368381720686454,-0.0209298016775448,-0.145023367980941,0.276411036726991,0.432476828905465,"Urban","Y"
"LP001945","Female","No","","Graduate","No",0.00221650421396947,-0.554035609238777,-0.0398676106861051,2.1191512815736,-2.30816285089995,"Urban","N"
"LP001947","Male","Yes","0","Graduate","No",-0.494424403183506,0.585307187177344,0.298967607263921,0.276411036726991,0.432476828905465,"Semiurban","Y"
"LP001949","Male","Yes","3+","Graduate","",-0.161638983032198,-0.126867494205738,-0.425438720767169,0.276411036726991,0.432476828905465,"Urban","Y"
"LP001953","Male","Yes","1","Graduate","No",0.240879141981115,-0.554035609238777,0.626118852181187,0.276411036726991,0.432476828905465,"Semiurban","Y"
"LP001954","Female","Yes","1","Graduate","No",-0.120716034169519,-0.554035609238777,-0.133339394948181,0.276411036726991,0.432476828905465,"Urban","Y"
"LP001955","Female","No","0","Graduate","No",-0.0660429744889795,0.314311735000384,0.053604173575971,2.1191512815736,0.432476828905465,"Rural","N"
"LP001963","Male","Yes","1","Graduate","No",-0.554826675704821,0.445537779938533,-0.39038680166889,0.276411036726991,0.432476828905465,"Urban","N"
"LP001964","Male","Yes","0","Not Graduate","No",-0.589856719931274,0.448613390366771,-0.624066262324081,0.276411036726991,-2.30816285089995,"Urban","N"
"LP001972","Male","Yes","","Not Graduate","No",-0.413888039821753,0.0439997518074771,-0.483858585930966,0.276411036726991,0.432476828905465,"Semiurban","Y"
"LP001974","Female","No","0","Graduate","No",-0.0660429744889795,-0.554035609238777,-0.16839131404646,0.276411036726991,0.432476828905465,"Rural","Y"
"LP001977","Male","Yes","1","Graduate","No",-0.618502784135149,0.062111679884878,-0.589014343225802,0.276411036726991,0.432476828905465,"Urban","Y"
"LP001978","Male","No","0","Graduate","No",-0.229734769939697,0.3003006208273,-0.0749195297843836,0.276411036726991,0.432476828905465,"Rural","Y"
"LP001990","Male","No","0","Not Graduate","No",-0.557118360841131,-0.554035609238777,-0.215127206177498,0.276411036726991,0.432476828905465,"Urban","N"
"LP001993","Female","No","0","Graduate","No",-0.268693417256967,0.0152940544772569,-0.133339394948181,0.276411036726991,0.432476828905465,"Rural","Y"
"LP001994","Female","No","0","Graduate","No",-0.491641642660844,0.0826157494064638,-0.495542558963726,0.276411036726991,-2.30816285089995,"Urban","N"
"LP001996","Male","No","0","Graduate","No",2.42747414561179,-0.554035609238777,3.89763130135385,0.276411036726991,0.432476828905465,"Rural","N"
"LP001998","Male","Yes","2","Not Graduate","No",0.370523043978083,-0.554035609238777,0.450859256689794,0.276411036726991,0.432476828905465,"Rural","Y"
"LP002002","Female","No","0","Graduate","No",-0.407012984412823,-0.554035609238777,-0.729222019618916,0.276411036726991,0.432476828905465,"Semiurban","Y"
"LP002004","Male","No","0","Not Graduate","No",-0.405376066458316,0.267835844084789,-0.413754747734409,0.276411036726991,0.432476828905465,"Semiurban","Y"
"LP002006","Female","No","0","Graduate","No",-0.474126620547617,-0.554035609238777,-1.05637326453618,0.276411036726991,0.432476828905465,"Rural","Y"
"LP002008","Male","Yes","2","Graduate","Yes",0.0560711049172554,-0.554035609238777,-0.0281836376533456,-3.9618915264202,0.432476828905465,"Rural","Y"
"LP002024","","Yes","0","Graduate","No",-0.479692141592941,0.0757810595659352,0.147075957838047,0.276411036726991,0.432476828905465,"Rural","N"
"LP002031","Male","Yes","1","Not Graduate","No",-0.328113539005577,0.00640895768456971,-0.413754747734409,-2.48769933054292,0.432476828905465,"Urban","Y"
"LP002035","Male","Yes","2","Graduate","No",-0.276059548052249,-0.554035609238777,-0.308598990439574,0.276411036726991,0.432476828905465,"Semiurban","Y"
"LP002036","Male","Yes","0","Graduate","No",-0.547624236704989,0.175225796745627,-0.682486127487878,0.276411036726991,0.432476828905465,"Urban","Y"
"LP002043","Female","No","1","Graduate","No",-0.304869304051576,-0.554035609238777,-0.40207077470165,0.276411036726991,0.432476828905465,"Semiurban","Y"
"LP002050","Male","Yes","1","Graduate","Yes",0.752416002764606,-0.554035609238777,0.100340065707009,0.276411036726991,0.432476828905465,"Rural","N"
"LP002051","Male","Yes","0","Graduate","No",-0.491641642660844,0.186503034982499,-0.367018855603371,0.276411036726991,0.432476828905465,"Semiurban","Y"
"LP002053","Male","Yes","3+","Graduate","No",-0.173752175895551,-0.489447790245782,-0.261863098308536,0.276411036726991,0.432476828905465,"Semiurban","Y"
"LP002054","Male","Yes","2","Not Graduate","No",-0.295047796324533,-0.0106777669167518,-0.215127206177498,0.276411036726991,0.432476828905465,"Rural","Y"
"LP002055","Female","No","0","Graduate","No",-0.366253727345595,0.466041849460119,-0.16839131404646,0.276411036726991,0.432476828905465,"Rural","Y"
"LP002065","Male","Yes","3+","Graduate","No",1.57087498001819,-0.554035609238777,1.79451615545714,0.276411036726991,0.432476828905465,"Rural","Y"
"LP002067","Male","Yes","1","Graduate","Yes",0.534051147633349,1.14882736452893,2.68249810594686,0.276411036726991,-2.30816285089995,"Rural","N"
"LP002068","Male","No","0","Graduate","No",-0.079629393511389,-0.554035609238777,-0.191759260111979,0.276411036726991,-2.30816285089995,"Rural","Y"
"LP002082","Male","Yes","0","Graduate","Yes",0.067856914189707,0.184110893538314,0.439175283657035,0.276411036726991,0.432476828905465,"Semiurban","Y"
"LP002086","Female","Yes","0","Graduate","No",-0.175225402054608,0.283555630718005,-0.425438720767169,0.276411036726991,0.432476828905465,"Urban","N"
"LP002087","Female","No","0","Graduate","No",-0.475272463115772,-0.554035609238777,-0.927849561175828,0.276411036726991,0.432476828905465,"Urban","Y"
"LP002097","Male","No","1","Graduate","No",-0.166877120486621,0.0586943349646136,-0.343650909537852,0.276411036726991,0.432476828905465,"Urban","Y"
"LP002098","Male","No","0","Graduate","No",-0.40406653209471,-0.554035609238777,-0.565646397160283,0.276411036726991,0.432476828905465,"Semiurban","Y"
"LP002100","Male","No","","Graduate","No",-0.420763095230683,-0.554035609238777,-0.88111366904479,0.276411036726991,0.432476828905465,"Urban","Y"
"LP002101","Male","Yes","0","Graduate","",9.4832452967195,-0.554035609238777,4.01447103168144,-2.48769933054292,0.432476828905465,"Urban","Y"
"LP002103","","Yes","1","Graduate","Yes",0.725079472924336,0.0723637146456709,0.415807337591516,-2.48769933054292,0.432476828905465,"Urban","Y"
"LP002106","Male","Yes","","Graduate","Yes",0.0162939986227311,0.980352259959898,-0.892797642077549,0.276411036726991,0.432476828905465,"Semiurban","Y"
"LP002110","Male","Yes","1","Graduate","",-0.0251200256263003,-0.318922278724593,0.158759930870807,0.276411036726991,0.432476828905465,"Rural","Y"
"LP002112","Male","Yes","2","Graduate","Yes",-0.475272463115772,1.01794305408281,0.345703499394959,0.276411036726991,0.432476828905465,"Rural","Y"
"LP002113","Female","No","3+","Not Graduate","No",-0.584945966067753,-0.554035609238777,-0.215127206177498,0.276411036726991,-2.30816285089995,"Urban","N"
"LP002114","Female","No","0","Graduate","No",-0.203544082667582,-0.554035609238777,-0.88111366904479,0.276411036726991,0.432476828905465,"Semiurban","Y"
"LP002115","Male","Yes","3+","Not Graduate","No",-0.451209769184517,-0.0117029703928311,0.31065158029668,0.276411036726991,0.432476828905465,"Rural","N"
"LP002116","Female","No","0","Graduate","No",-0.49524286216076,-0.554035609238777,-1.17321299486378,0.276411036726991,0.432476828905465,"Rural","N"
"LP002119","Male","Yes","1","Not Graduate","No",-0.139049515259999,-0.134043918538293,0.135391984805288,0.276411036726991,0.432476828905465,"Urban","Y"
"LP002126","Male","Yes","3+","Not Graduate","No",-0.36510788477744,-0.554035609238777,-0.846061749946511,0.276411036726991,0.432476828905465,"Semiurban","Y"
"LP002128","Male","Yes","2","Graduate","",-0.461686044093363,0.242205757182807,-0.250179125275776,0.276411036726991,0.432476828905465,"Rural","Y"
"LP002129","Male","Yes","0","Graduate","No",-0.475436154911223,0.28594777216219,0.158759930870807,0.276411036726991,0.432476828905465,"Semiurban","Y"
"LP002130","Male","Yes","","Not Graduate","No",-0.307815756369689,0.549766800006595,0.0652881466087305,0.276411036726991,-2.30816285089995,"Rural","N"
"LP002131","Male","Yes","2","Not Graduate","No",-0.379840146368004,0.186844769474525,-0.238495152243017,0.276411036726991,0.432476828905465,"Urban","Y"
"LP002137","Male","Yes","0","Graduate","No",0.152158188846826,1.01213356771836,1.315473261114,0.276411036726991,0.432476828905465,"Semiurban","Y"
"LP002138","Male","Yes","0","Graduate","No",-0.454810988684432,1.58180496592642,0.474227202755313,0.276411036726991,0.432476828905465,"Rural","Y"
"LP002139","Male","Yes","0","Graduate","No",0.602310626336298,-0.554035609238777,0.953270097098453,0.276411036726991,0.432476828905465,"Semiurban","Y"
"LP002140","Male","No","0","Graduate","No",0.547801258451209,0.869972019035361,1.88798793971921,0.276411036726991,0.432476828905465,"Rural","N"
"LP002141","Male","Yes","3+","Graduate","No",-0.448099625070953,0.157797337652279,-0.600698316258562,0.276411036726991,0.432476828905465,"Rural","Y"
"LP002142","Female","Yes","0","Graduate","Yes",0.015802923236379,-0.554035609238777,-0.483858585930966,0.276411036726991,-2.30816285089995,"Rural","N"
"LP002143","Female","Yes","0","Graduate","No",-0.487876731365477,-0.381459690765429,-0.191759260111979,0.276411036726991,0.432476828905465,"Semiurban","Y"
"LP002144","Female","No","","Graduate","No",-0.260345135688981,-0.554035609238777,-0.355334882570612,-2.48769933054292,0.432476828905465,"Urban","Y"
"LP002149","Male","Yes","2","Graduate","No",0.47954177974826,0.52823752700893,0.217179796034604,0.276411036726991,0.432476828905465,"Rural","Y"
"LP002151","Male","Yes","1","Graduate","No",-0.250196244371036,-0.554035609238777,-0.927849561175828,0.276411036726991,0.432476828905465,"Urban","N"
"LP002158","Male","Yes","0","Not Graduate","No",-0.393426565390414,0.0152940544772569,-0.542278451094764,2.1191512815736,-2.30816285089995,"Urban","N"
"LP002160","Male","Yes","3+","Graduate","No",-0.0387064446487098,0.52823752700893,0.626118852181187,0.276411036726991,0.432476828905465,"Semiurban","Y"
"LP002161","Female","No","1","Graduate","No",-0.111385601828828,-0.554035609238777,-0.764273938717195,0.276411036726991,0.432476828905465,"Semiurban","N"
"LP002170","Male","Yes","2","Graduate","No",-0.0660429744889795,0.699104773022145,1.04674188136053,0.276411036726991,0.432476828905465,"Semiurban","Y"
"LP002175","Male","Yes","0","Graduate","No",-0.106965923351659,0.243230960658886,-0.191759260111979,0.276411036726991,0.432476828905465,"Urban","Y"
"LP002178","Male","Yes","0","Graduate","No",-0.391298572049554,0.482445105077388,-0.600698316258562,-0.644959085696312,0.432476828905465,"Urban","Y"
"LP002180","Male","No","0","Graduate","Yes",0.232203476822227,-0.554035609238777,-0.0632355567516241,0.276411036726991,0.432476828905465,"Rural","Y"
"LP002181","Male","No","0","Not Graduate","No",0.133006248779092,-0.554035609238777,-0.1567073410137,0.276411036726991,0.432476828905465,"Rural","N"
"LP002187","Male","No","0","Graduate","No",-0.475272463115772,-0.554035609238777,-0.589014343225802,2.1191512815736,0.432476828905465,"Semiurban","N"
"LP002188","Male","No","0","Graduate","No",-0.0457451918530906,-0.554035609238777,-0.261863098308536,0.276411036726991,-2.30816285089995,"Rural","N"
"LP002190","Male","Yes","1","Graduate","No",0.150848654483221,-0.554035609238777,0.334019526362199,0.276411036726991,0.432476828905465,"Semiurban","Y"
"LP002191","Male","Yes","0","Graduate","No",2.34513717250008,1.24553822577241,4.94918887430221,0.276411036726991,0.432476828905465,"Rural","N"
"LP002194","Female","No","0","Graduate","Yes",1.69511705276528,-0.554035609238777,-1.06805723756894,0.276411036726991,0.432476828905465,"Semiurban","Y"
"LP002197","Male","Yes","2","Graduate","No",-0.0357599923305969,-0.554035609238777,0.100340065707009,0.276411036726991,0.432476828905465,"Semiurban","Y"
"LP002201","Male","Yes","2","Graduate","Yes",0.64159665724447,2.13644004648531,2.7292339980779,-0.644959085696312,0.432476828905465,"Rural","Y"
"LP002205","Male","No","1","Graduate","No",-0.383277674072469,0.124990826417741,-0.413754747734409,-2.48769933054292,-2.30816285089995,"Urban","N"
"LP002209","Female","No","0","Graduate","",-0.432057829116783,-0.0554449853722143,-0.425438720767169,0.276411036726991,0.432476828905465,"Urban","Y"
"LP002211","Male","Yes","0","Graduate","No",-0.0959985730564608,-0.238614673098381,-0.308598990439574,-2.48769933054292,0.432476828905465,"Urban","Y"
"LP002219","Male","Yes","3+","Graduate","No",0.547801258451209,1.15326991292527,-0.191759260111979,0.276411036726991,0.432476828905465,"Rural","Y"
"LP002223","Male","Yes","0","Graduate","No",-0.178990313349974,-0.554035609238777,-0.191759260111979,0.276411036726991,0.432476828905465,"Semiurban","Y"
"LP002224","Male","No","0","Graduate","No",-0.382131831504314,-0.554035609238777,-0.88111366904479,2.1191512815736,0.432476828905465,"Urban","N"
"LP002225","Male","Yes","2","Graduate","No",-0.00203948246774918,-0.554035609238777,-0.191759260111979,0.276411036726991,0.432476828905465,"Urban","Y"
"LP002226","Male","Yes","0","Graduate","",-0.338917197505325,0.3003006208273,-0.215127206177498,0.276411036726991,0.432476828905465,"Semiurban","Y"
"LP002229","Male","No","0","Graduate","No",0.0879910050301452,0.892184761017079,1.7477802633261,0.276411036726991,0.432476828905465,"Semiurban","Y"
"LP002231","Female","No","0","Graduate","No",0.0976488209617375,-0.554035609238777,0.112024038739769,0.276411036726991,0.432476828905465,"Urban","Y"
"LP002234","Male","No","0","Graduate","Yes",0.288677146252724,-0.554035609238777,-0.215127206177498,0.276411036726991,0.432476828905465,"Urban","Y"
"LP002236","Male","Yes","2","Graduate","No",-0.137085213714591,-0.554035609238777,-0.542278451094764,0.276411036726991,0.432476828905465,"Urban","N"
"LP002237","Male","No","1","Graduate","",-0.284244137824785,-0.554035609238777,-0.39038680166889,-2.48769933054292,0.432476828905465,"Urban","Y"
"LP002239","Male","No","0","Not Graduate","No",-0.500480999615183,-0.00726042199648752,-0.16839131404646,0.276411036726991,0.432476828905465,"Semiurban","Y"
"LP002243","Male","Yes","0","Not Graduate","No",-0.391789647435906,0.51764375775611,-0.215127206177498,0.276411036726991,-2.30816285089995,"Urban","N"
"LP002244","Male","Yes","0","Graduate","No",-0.502608992956042,0.271936657989107,-0.121655421915422,0.276411036726991,0.432476828905465,"Urban","Y"
"LP002250","Male","Yes","0","Graduate","No",0.0138386216909704,-0.554035609238777,-0.250179125275776,0.276411036726991,0.432476828905465,"Rural","Y"
"LP002255","Male","No","3+","Graduate","No",0.616060737154158,-0.554035609238777,0.450859256689794,0.276411036726991,0.432476828905465,"Rural","Y"
"LP002262","Male","Yes","3+","Graduate","No",0.67122487222105,-0.554035609238777,1.50241682963815,0.276411036726991,0.432476828905465,"Rural","Y"
"LP002263","Male","Yes","0","Graduate","No",-0.461686044093363,0.168732841397124,-0.308598990439574,0.276411036726991,0.432476828905465,"Urban","Y"
"LP002265","Male","Yes","2","Not Graduate","No",-0.558264203409286,0.00128294030417325,-0.39038680166889,-2.48769933054292,0.432476828905465,"Semiurban","Y"
"LP002266","Male","Yes","2","Graduate","No",-0.377057385845342,-0.0756073204017737,-0.39038680166889,0.276411036726991,0.432476828905465,"Urban","Y"
"LP002272","Male","Yes","2","Graduate","No",-0.348247629846016,-0.388636115097984,-0.133339394948181,0.276411036726991,0.432476828905465,"Semiurban","Y"
"LP002277","Female","No","0","Graduate","No",-0.363962042209285,-0.554035609238777,-0.88111366904479,0.276411036726991,-2.30816285089995,"Urban","N"
"LP002281","Male","Yes","0","Graduate","No",-0.38802473614054,-0.0554449853722143,-0.600698316258562,0.276411036726991,0.432476828905465,"Urban","Y"
"LP002284","Male","No","0","Not Graduate","No",-0.245776565893867,0.0152940544772569,-0.437122693799928,0.276411036726991,0.432476828905465,"Rural","Y"
"LP002287","Female","No","0","Graduate","No",-0.638964258566489,0.0610864764087987,-0.507226531996485,0.276411036726991,-2.30816285089995,"Semiurban","N"
"LP002288","Male","Yes","2","Not Graduate","No",-0.411596354685443,-0.554035609238777,-1.18489696789654,-2.48769933054292,-2.30816285089995,"Urban","N"
"LP002296","Male","No","0","Not Graduate","No",-0.433531055275839,-0.554035609238777,-0.951217507241347,-0.644959085696312,0.432476828905465,"Rural","N"
"LP002297","Male","No","0","Graduate","No",-0.475272463115772,6.28065423128984,-0.507226531996485,0.276411036726991,0.432476828905465,"Semiurban","Y"
"LP002300","Female","No","0","Not Graduate","No",-0.563174957272807,-0.554035609238777,-1.09142518363446,0.276411036726991,0.432476828905465,"Semiurban","Y"
"LP002301","Female","No","0","Graduate","Yes",0.333528698206221,-0.554035609238777,0.55601501398463,0.276411036726991,0.432476828905465,"Rural","N"
"LP002305","Female","No","0","Graduate","No",-0.140195357828154,-0.554035609238777,-0.367018855603371,0.276411036726991,0.432476828905465,"Semiurban","Y"
"LP002308","Male","Yes","0","Not Graduate","No",-0.529781831000861,0.266127171624657,-0.367018855603371,0.276411036726991,0.432476828905465,"Urban","Y"
"LP002314","Female","No","0","Not Graduate","No",-0.522252008410128,-0.554035609238777,-0.939533534208587,0.276411036726991,0.432476828905465,"Rural","Y"
"LP002315","Male","Yes","1","Graduate","No",0.474139950498387,-0.554035609238777,0.0652881466087305,-0.644959085696312,-2.30816285089995,"Semiurban","N"
"LP002317","Male","Yes","3+","Graduate","No",12.3745334797655,-0.554035609238777,2.49555453742271,0.276411036726991,-2.30816285089995,"Rural","N"
"LP002318","Female","No","1","Not Graduate","Yes",-0.251505778734642,-0.554035609238777,-0.986269426339625,0.276411036726991,0.432476828905465,"Semiurban","N"
"LP002319","Male","Yes","0","Graduate","",0.139553920597121,-0.554035609238777,0.158759930870807,0.276411036726991,0.432476828905465,"Urban","Y"
"LP002328","Male","Yes","0","Not Graduate","No",0.113363233325006,-0.554035609238777,0.836430366770858,0.276411036726991,-2.30816285089995,"Rural","N"
"LP002332","Male","Yes","0","Not Graduate","No",-0.515704336592099,0.140710613050957,-0.425438720767169,0.276411036726991,0.432476828905465,"Rural","Y"
"LP002335","Female","Yes","0","Not Graduate","No",-0.532728283318974,0.55215894145078,0.369071445460478,0.276411036726991,-2.30816285089995,"Semiurban","N"
"LP002337","Female","No","0","Graduate","No",-0.394245024367667,-0.554035609238777,-1.00963737240514,0.276411036726991,0.432476828905465,"Urban","Y"
"LP002341","Female","No","1","Graduate","No",-0.4589032835707,-0.554035609238777,0.158759930870807,0.276411036726991,0.432476828905465,"Urban","N"
"LP002342","Male","Yes","2","Graduate","Yes",-0.622595079021417,6.28065423128984,1.08179380045881,0.276411036726991,0.432476828905465,"Urban","N"
"LP002345","Male","Yes","0","Graduate","No",-0.71671786140558,0.393594137150516,-0.40207077470165,0.276411036726991,0.432476828905465,"Rural","Y"
"LP002347","Male","Yes","0","Graduate","No",-0.353158383709537,-0.0697978340373244,-0.0982874758499026,0.276411036726991,0.432476828905465,"Semiurban","Y"
"LP002348","Male","Yes","0","Graduate","No",0.0696575239396649,-0.554035609238777,-0.0982874758499026,0.276411036726991,0.432476828905465,"Rural","Y"
"LP002357","Female","No","0","Not Graduate","No",-0.439260268116614,-0.554035609238777,-0.775957911749954,0.276411036726991,-2.30816285089995,"Urban","N"
"LP002361","Male","Yes","0","Graduate","No",-0.58658288402226,0.0334059825546578,-0.542278451094764,0.276411036726991,0.432476828905465,"Urban","Y"
"LP002362","Male","Yes","1","Graduate","No",0.302263565275134,0.0156357889692833,-0.425438720767169,0.276411036726991,-2.30816285089995,"Urban","N"
"LP002364","Male","Yes","0","Graduate","No",1.5512319645641,-0.554035609238777,-0.589014343225802,0.276411036726991,0.432476828905465,"Semiurban","Y"
"LP002366","Male","Yes","0","Graduate","No",-0.448099625070953,0.915422706474876,-0.296915017406814,0.276411036726991,0.432476828905465,"Rural","Y"
"LP002367","Female","No","1","Not Graduate","No",-0.130537541896562,-0.554035609238777,-0.764273938717195,0.276411036726991,0.432476828905465,"Rural","N"
"LP002368","Male","Yes","2","Graduate","No",0.0870088542574409,-0.554035609238777,-0.1567073410137,0.276411036726991,0.432476828905465,"Semiurban","Y"
"LP002369","Male","Yes","0","Graduate","No",-0.406521909026471,-0.548526848940254,-0.694170100520638,0.276411036726991,0.432476828905465,"Rural","Y"
"LP002370","Male","No","0","Not Graduate","No",-0.439751343502967,-0.554035609238777,-1.00963737240514,-2.48769933054292,0.432476828905465,"Urban","Y"
"LP002377","Female","No","1","Graduate","Yes",0.527176092224419,-0.554035609238777,0.0419202005432115,0.276411036726991,0.432476828905465,"Semiurban","Y"
"LP002379","Male","No","0","Graduate","No",0.179494718687096,-0.554035609238777,-0.483858585930966,0.276411036726991,-2.30816285089995,"Rural","N"
"LP002386","Male","No","0","Graduate","",1.22319360648087,-0.554035609238777,3.02133332389689,0.276411036726991,0.432476828905465,"Semiurban","Y"
"LP002387","Male","Yes","0","Graduate","No",-0.487549347774576,0.245623102103071,-0.0398676106861051,0.276411036726991,0.432476828905465,"Semiurban","Y"
"LP002390","Male","No","0","Graduate","No",-0.270657718802376,-0.554035609238777,-0.542278451094764,0.276411036726991,0.432476828905465,"Urban","Y"
"LP002393","Female","","","Graduate","No",0.760109517150789,-0.554035609238777,-0.215127206177498,-1.56632920811961,0.432476828905465,"Semiurban","Y"
"LP002398","Male","No","0","Graduate","No",-0.569231553704484,0.0785149355021466,-1.12647710273274,0.276411036726991,0.432476828905465,"Semiurban","Y"
"LP002401","Male","Yes","0","Graduate","No",-0.522252008410128,-0.169584305709042,-0.215127206177498,0.276411036726991,0.432476828905465,"Urban","Y"
"LP002403","Male","No","0","Graduate","Yes",0.820511789672104,-0.554035609238777,0.474227202755313,0.276411036726991,-2.30816285089995,"Urban","N"
"LP002407","Female","Yes","0","Not Graduate","Yes",0.284584851366456,-0.554035609238777,-0.0982874758499026,0.276411036726991,0.432476828905465,"Rural","Y"
"LP002408","Male","No","0","Graduate","No",-0.28538998039294,1.17650785838307,0.474227202755313,0.276411036726991,0.432476828905465,"Semiurban","Y"
"LP002409","Male","Yes","0","Graduate","No",0.408826924113551,0.0723637146456709,0.392439391525997,0.276411036726991,0.432476828905465,"Rural","Y"
"LP002418","Male","No","3+","Not Graduate","No",-0.11400467055604,0.1270412333699,0.0185522544776925,0.276411036726991,0.432476828905465,"Semiurban","Y"
"LP002422","Male","No","1","Graduate","No",5.28978888086303,-0.554035609238777,0.0652881466087305,0.276411036726991,0.432476828905465,"Semiurban","Y"
"LP002424","Male","Yes","0","Graduate","No",0.315849984297543,2.29363791281747,0.334019526362199,-0.644959085696312,0.432476828905465,"Rural","Y"
"LP002429","Male","Yes","1","Graduate","Yes",-0.317146188710379,-0.140536873886796,-0.191759260111979,0.276411036726991,0.432476828905465,"Rural","Y"
"LP002434","Male","Yes","2","Not Graduate","No",-0.123007719305829,-0.554035609238777,-0.425438720767169,0.276411036726991,0.432476828905465,"Rural","Y"
"LP002435","Male","Yes","0","Graduate","",-0.305196687642477,-0.0838089482104081,-1.06805723756894,0.276411036726991,0.432476828905465,"Rural","N"
"LP002443","Male","Yes","2","Graduate","No",-0.33777135493717,0.0303303721264199,0.0419202005432115,0.276411036726991,-2.30816285089995,"Rural","N"
"LP002444","Male","No","1","Not Graduate","Yes",-0.431239370139529,-0.0270810225340205,0.509279121853592,0.276411036726991,0.432476828905465,"Semiurban","N"
"LP002446","Male","Yes","2","Not Graduate","No",-0.506537596046859,-0.125158821745606,-0.250179125275776,0.276411036726991,-2.30816285089995,"Rural","N"
"LP002447","Male","Yes","2","Not Graduate","No",-0.563993416250061,-0.0564701888482936,-1.00963737240514,-0.644959085696312,0.432476828905465,"Urban","Y"
"LP002448","Male","Yes","0","Graduate","No",-0.238246743303134,0.0381902654430278,0.030236227510452,0.276411036726991,-2.30816285089995,"Rural","N"
"LP002449","Male","Yes","0","Graduate","No",-0.478055223638434,0.288681648098402,-0.659118181422359,-2.48769933054292,-2.30816285089995,"Rural","Y"
"LP002453","Male","No","0","Graduate","Yes",0.275254419025765,-0.554035609238777,-0.729222019618916,0.276411036726991,0.432476828905465,"Semiurban","Y"
"LP002455","Male","Yes","2","Graduate","No",-0.252815313098248,-0.554035609238777,-0.589014343225802,0.276411036726991,0.432476828905465,"Semiurban","Y"
"LP002459","Male","Yes","0","Graduate","No",-0.180463539509031,-0.554035609238777,-0.331966936505093,0.276411036726991,0.432476828905465,"Urban","Y"
"LP002467","Male","Yes","0","Graduate","No",-0.277532774211306,0.323880300777124,0.31065158029668,0.276411036726991,0.432476828905465,"Urban","N"
"LP002472","Male","No","2","Graduate","No",-0.171787874350143,-0.554035609238777,-0.121655421915422,0.276411036726991,0.432476828905465,"Rural","Y"
"LP002473","Male","Yes","0","Graduate","No",0.479705471543711,-0.554035609238777,0.158759930870807,0.276411036726991,0.432476828905465,"Semiurban","N"
"LP002478","","Yes","0","Graduate","Yes",-0.543531941818721,0.84126632170514,0.158759930870807,0.276411036726991,0.432476828905465,"Semiurban","Y"
"LP002484","Male","Yes","3+","Graduate","No",0.382472545045985,-0.554035609238777,-0.215127206177498,-2.48769933054292,0.432476828905465,"Urban","Y"
"LP002487","Male","Yes","0","Graduate","No",-0.390971188458653,0.193679459315054,0.07697211964149,0.276411036726991,0.432476828905465,"Rural","Y"
"LP002489","Female","No","1","Not Graduate","",-0.0347778415578926,-0.554035609238777,-0.16839131404646,0.276411036726991,0.432476828905465,"Semiurban","Y"
"LP002493","Male","No","0","Graduate","No",-0.202561931894878,-0.554035609238777,-0.565646397160283,0.276411036726991,-2.30816285089995,"Semiurban","N"
"LP002494","Male","No","0","Graduate","No",0.0976488209617375,-0.554035609238777,-0.0749195297843836,0.276411036726991,0.432476828905465,"Rural","Y"
"LP002500","Male","Yes","3+","Not Graduate","No",-0.402102230549302,0.0146105854932041,-0.892797642077549,-2.48769933054292,-2.30816285089995,"Urban","N"
"LP002501","","Yes","0","Graduate","No",1.8478414979208,-0.554035609238777,-0.425438720767169,0.276411036726991,0.432476828905465,"Semiurban","Y"
"LP002502","Female","Yes","2","Not Graduate","",-0.850126674697914,0.442803904002322,-0.565646397160283,0.276411036726991,0.432476828905465,"Semiurban","Y"
"LP002505","Male","Yes","0","Graduate","No",-0.175225402054608,0.283555630718005,-0.425438720767169,0.276411036726991,0.432476828905465,"Urban","N"
"LP002515","Male","Yes","1","Graduate","Yes",-0.319765257437591,0.156430399684173,0.182127876936326,0.276411036726991,0.432476828905465,"Semiurban","Y"
"LP002517","Male","Yes","1","Not Graduate","No",-0.450227618411812,-0.0414338711991306,-0.39038680166889,-2.48769933054292,-2.30816285089995,"Rural","N"
"LP002519","Male","Yes","3+","Graduate","No",-0.116623739283251,-0.554035609238777,-0.542278451094764,0.276411036726991,0.432476828905465,"Semiurban","Y"
"LP002522","Female","No","0","Graduate","Yes",-0.475272463115772,-0.554035609238777,-0.624066262324081,0.276411036726991,0.432476828905465,"Urban","Y"
"LP002524","Male","No","2","Graduate","No",0.0210410606908019,1.03434630970007,0.182127876936326,0.276411036726991,0.432476828905465,"Rural","Y"
"LP002527","Male","Yes","2","Graduate","Yes",1.82050496808053,-0.207516834323976,0.0419202005432115,0.276411036726991,0.432476828905465,"Rural","Y"
"LP002529","Male","Yes","2","Graduate","No",0.212233077777239,0.0439997518074771,0.976638043163972,-0.644959085696312,0.432476828905465,"Semiurban","Y"
"LP002530","","Yes","2","Graduate","No",-0.414215423412655,0.0856913598347017,-0.16839131404646,0.276411036726991,-2.30816285089995,"Semiurban","N"
"LP002531","Male","Yes","1","Graduate","Yes",1.84374920303454,0.214866997820693,-0.705854073553397,0.276411036726991,0.432476828905465,"Semiurban","Y"
"LP002533","Male","Yes","2","Graduate","No",-0.402102230549302,-0.00623521852040823,-0.215127206177498,0.276411036726991,0.432476828905465,"Urban","N"
"LP002534","Female","No","0","Not Graduate","No",-0.172442641531946,-0.554035609238777,0.0886560926742495,0.276411036726991,0.432476828905465,"Rural","Y"
"LP002536","Male","Yes","3+","Not Graduate","No",-0.377875844822595,-0.554035609238777,-0.39038680166889,0.276411036726991,0.432476828905465,"Rural","Y"
"LP002537","Male","Yes","0","Graduate","No",-0.543531941818721,0.52242804064448,-0.215127206177498,0.276411036726991,0.432476828905465,"Semiurban","Y"
"LP002541","Male","Yes","0","Graduate","No",0.888771268375053,-0.554035609238777,1.02337393529501,0.276411036726991,0.432476828905465,"Semiurban","Y"
"LP002543","Male","Yes","2","Graduate","No",0.47954177974826,-0.554035609238777,1.16358161168812,0.276411036726991,0.432476828905465,"Semiurban","Y"
"LP002544","Male","Yes","1","Not Graduate","No",-0.563993416250061,0.278429613337609,-0.180075287079219,0.276411036726991,0.432476828905465,"Rural","Y"
"LP002545","Male","No","2","Graduate","No",-0.303887153278871,-0.554035609238777,-0.775957911749954,0.276411036726991,-2.30816285089995,"Rural","N"
"LP002547","Male","Yes","1","Graduate","No",2.11645973425543,-0.554035609238777,4.13131076200904,0.276411036726991,0.432476828905465,"Urban","N"
"LP002555","Male","Yes","2","Graduate","Yes",-0.134302453191929,0.157797337652279,0.158759930870807,0.276411036726991,0.432476828905465,"Semiurban","Y"
"LP002556","Male","No","0","Graduate","No",-0.485912429820069,-0.554035609238777,-0.834377776913752,0.276411036726991,0.432476828905465,"Urban","N"
"LP002560","Male","No","0","Not Graduate","No",-0.442697795821079,0.397694951054833,-0.589014343225802,0.276411036726991,0.432476828905465,"Semiurban","Y"
"LP002562","Male","Yes","1","Not Graduate","No",-0.0115336066038908,-0.167533898756884,0.462543229722554,0.276411036726991,0.432476828905465,"Urban","Y"
"LP002571","Male","No","0","Not Graduate","No",-0.280315534733968,-0.554035609238777,-0.425438720767169,0.276411036726991,0.432476828905465,"Rural","Y"
"LP002582","Female","No","0","Not Graduate","Yes",1.94130951312316,-0.554035609238777,0.918218178000175,0.276411036726991,0.432476828905465,"Semiurban","Y"
"LP002585","Male","Yes","0","Graduate","No",-0.295702563506336,0.183085690062235,-0.320282963472333,0.276411036726991,-2.30816285089995,"Rural","N"
"LP002586","Female","Yes","1","Graduate","No",-0.34006304007348,-0.242032018018646,-0.483858585930966,-3.9618915264202,0.432476828905465,"Semiurban","Y"
"LP002587","Male","Yes","0","Not Graduate","No",-0.4589032835707,0.0269130272061556,-0.460490639865447,0.276411036726991,0.432476828905465,"Rural","Y"
"LP002588","Male","Yes","0","Graduate","No",-0.127427397782998,0.422299834480736,-0.413754747734409,-5.06753567332816,0.432476828905465,"Urban","Y"
"LP002600","Male","Yes","1","Graduate","Yes",-0.410614203912739,-0.554035609238777,-0.600698316258562,0.276411036726991,0.432476828905465,"Semiurban","Y"
"LP002602","Male","No","0","Graduate","No",0.14397359907429,0.955063907549942,0.731274609476023,0.276411036726991,-2.30816285089995,"Rural","N"
"LP002603","Female","No","0","Graduate","No",-0.778920743676852,0.704572524894568,-0.39038680166889,2.1191512815736,0.432476828905465,"Rural","Y"
"LP002606","Female","No","0","Graduate","No",-0.36739956991375,-0.554035609238777,-0.542278451094764,0.276411036726991,0.432476828905465,"Semiurban","Y"
"LP002615","Male","Yes","2","Graduate","No",-0.0881413668748263,1.36787917391787,0.719590636443263,0.276411036726991,0.432476828905465,"Semiurban","Y"
"LP002618","Male","Yes","1","Not Graduate","No",-0.221550180167161,1.25784066748536,-0.0982874758499026,0.276411036726991,0.432476828905465,"Rural","N"
"LP002619","Male","Yes","0","Not Graduate","No",-0.26018144389353,-0.0472433575635799,-0.261863098308536,-0.644959085696312,0.432476828905465,"Semiurban","Y"
"LP002622","Male","Yes","2","Graduate","No",-0.309943749710548,0.955063907549942,1.12852969258985,0.276411036726991,0.432476828905465,"Rural","Y"
"LP002624","Male","Yes","0","Graduate","No",2.52568922288222,1.72430824910144,3.89763130135385,0.276411036726991,0.432476828905465,"Urban","Y"
"LP002625","","No","0","Graduate","No",-0.297994248642646,-0.554035609238777,-0.589014343225802,0.276411036726991,0.432476828905465,"Urban","N"
"LP002626","Male","Yes","0","Graduate","Yes",-0.478709990820237,0.475610415236859,0.485911175788073,0.276411036726991,0.432476828905465,"Urban","Y"
"LP002634","Female","No","1","Graduate","No",1.28637863952484,-0.554035609238777,-1.24331683306033,0.276411036726991,0.432476828905465,"Urban","Y"
"LP002637","Male","No","0","Not Graduate","No",-0.295538871710885,-0.11422331800076,-0.542278451094764,0.276411036726991,0.432476828905465,"Rural","N"
"LP002640","Male","Yes","1","Graduate","No",0.108288787666034,0.130800312782191,1.21031750381916,0.276411036726991,0.432476828905465,"Semiurban","Y"
"LP002643","Male","Yes","2","Graduate","No",-0.347101787277861,0.14139408203501,0.0185522544776925,0.276411036726991,0.432476828905465,"Urban","Y"
"LP002648","Male","Yes","0","Graduate","No",-0.535838427432537,1.72396651460941,-0.892797642077549,-2.48769933054292,0.432476828905465,"Semiurban","N"
"LP002652","Male","No","0","Graduate","No",0.0673658388033548,0.698763038530119,1.92303985881749,0.276411036726991,0.432476828905465,"Rural","N"
"LP002659","Male","Yes","3+","Graduate","No",-0.317146188710379,0.617430229427828,0.0419202005432115,0.276411036726991,0.432476828905465,"Rural","Y"
"LP002670","Female","Yes","2","Graduate","No",-0.552043915182158,0.00367508174835827,-0.39038680166889,2.1191512815736,0.432476828905465,"Semiurban","Y"
"LP002682","Male","Yes","","Not Graduate","No",-0.381313372527061,0.0610864764087987,-0.273547071341295,0.276411036726991,-2.30816285089995,"Semiurban","N"
"LP002683","Male","No","0","Graduate","No",-0.117933273646857,0.100385942991838,0.450859256689794,0.276411036726991,0.432476828905465,"Semiurban","N"
"LP002684","Female","No","0","Not Graduate","No",-0.327949847210127,-0.554035609238777,-0.600698316258562,0.276411036726991,0.432476828905465,"Rural","N"
"LP002689","Male","Yes","2","Not Graduate","No",-0.525689536114593,0.0412658758712657,-1.18489696789654,0.276411036726991,0.432476828905465,"Semiurban","Y"
"LP002690","Male","No","0","Graduate","No",-0.475272463115772,-0.554035609238777,-1.06805723756894,0.276411036726991,0.432476828905465,"Semiurban","Y"
"LP002692","Male","Yes","3+","Graduate","Yes",0.0447763710311559,-0.0674056925931394,-0.542278451094764,0.276411036726991,0.432476828905465,"Rural","Y"
"LP002693","Male","Yes","2","Graduate","Yes",0.416520438499734,1.89483376062263,3.89763130135385,0.276411036726991,0.432476828905465,"Rural","Y"
"LP002697","Male","No","0","Graduate","No",-0.118424349033209,0.159164275620384,-0.215127206177498,0.276411036726991,0.432476828905465,"Semiurban","N"
"LP002699","Male","Yes","2","Graduate","Yes",1.98010446864498,-0.554035609238777,2.96291345873309,0.276411036726991,0.432476828905465,"Rural","Y"
"LP002705","Male","Yes","0","Graduate","No",-0.266565423916108,-0.554035609238777,-0.425438720767169,0.276411036726991,0.432476828905465,"Semiurban","Y"
"LP002706","Male","Yes","1","Not Graduate","No",-0.0193908127855252,-0.0653552856409808,0.170443903903566,0.276411036726991,-2.30816285089995,"Semiurban","Y"
"LP002714","Male","No","1","Not Graduate","No",-0.445971631730094,-0.109097300620364,-0.612382289291321,0.276411036726991,0.432476828905465,"Semiurban","Y"
"LP002716","Male","No","0","Not Graduate","No",0.225819496799649,-0.554035609238777,-0.191759260111979,0.276411036726991,0.432476828905465,"Semiurban","Y"
"LP002717","Male","Yes","0","Graduate","No",-0.71671786140558,1.32550409690659,0.813062420705339,0.276411036726991,0.432476828905465,"Rural","Y"
"LP002720","Male","Yes","3+","Graduate","No",-0.183737375418045,-0.554035609238777,-0.542278451094764,0.276411036726991,0.432476828905465,"Urban","Y"
"LP002723","Male","No","2","Graduate","No",-0.297175789665392,-0.554035609238777,-0.425438720767169,0.276411036726991,-2.30816285089995,"Rural","N"
"LP002729","Male","No","1","Graduate","No",0.957030747078002,-0.554035609238777,0.579382960050149,0.276411036726991,0.432476828905465,"Semiurban","N"
"LP002731","Female","No","0","Not Graduate","Yes",2.08895951261971,-0.554035609238777,-0.250179125275776,0.276411036726991,0.432476828905465,"Urban","Y"
"LP002732","Male","No","0","Not Graduate","",-0.467087873343236,0.143786223479195,-0.238495152243017,0.276411036726991,0.432476828905465,"Rural","Y"
"LP002734","Male","Yes","0","Graduate","No",0.119419829756683,0.780779316616462,2.07493150824337,0.276411036726991,0.432476828905465,"Urban","Y"
"LP002738","Male","No","2","Graduate","No",-0.292428727597321,-0.554035609238777,-0.460490639865447,0.276411036726991,0.432476828905465,"Semiurban","Y"
"LP002739","Male","Yes","0","Not Graduate","No",-0.407012984412823,-0.37086592151261,-0.939533534208587,0.276411036726991,0.432476828905465,"Rural","N"
"LP002740","Male","Yes","3+","Graduate","No",0.165908299664686,-0.554035609238777,0.123708011772528,-2.48769933054292,0.432476828905465,"Rural","Y"
"LP002741","Female","Yes","1","Graduate","No",-0.130210158305661,0.418199020576419,-0.0749195297843836,-2.48769933054292,0.432476828905465,"Semiurban","Y"
"LP002743","Female","No","0","Graduate","No",-0.534528893068932,-0.554035609238777,-0.553962424127524,0.276411036726991,-2.30816285089995,"Semiurban","N"
"LP002753","Female","No","1","Graduate","",-0.286699514756546,-0.554035609238777,-0.600698316258562,0.276411036726991,0.432476828905465,"Semiurban","Y"
"LP002755","Male","Yes","1","Not Graduate","No",-0.517996021728409,0.308502248635935,-0.215127206177498,0.276411036726991,0.432476828905465,"Urban","Y"
"LP002757","Female","Yes","0","Not Graduate","No",-0.390643804867751,-0.327465641025253,-0.518910505029245,0.276411036726991,0.432476828905465,"Semiurban","Y"
"LP002767","Male","Yes","0","Graduate","No",-0.43140306193498,0.112346650212763,0.100340065707009,0.276411036726991,0.432476828905465,"Rural","Y"
"LP002768","Male","No","0","Not Graduate","No",-0.334824902619057,-0.554035609238777,-0.775957911749954,-4.69898762435884,0.432476828905465,"Semiurban","N"
"LP002772","Male","No","0","Graduate","No",-0.471016476434053,0.0552769900443493,-0.0164996646205861,0.276411036726991,0.432476828905465,"Rural","Y"
"LP002776","Female","No","0","Graduate","No",-0.0660429744889795,-0.554035609238777,-0.507226531996485,0.276411036726991,-2.30816285089995,"Semiurban","N"
"LP002777","Male","Yes","0","Graduate","No",-0.428620301412318,0.134901126686508,-0.425438720767169,0.276411036726991,0.432476828905465,"Rural","Y"
"LP002778","Male","Yes","2","Graduate","Yes",0.201265727482041,-0.554035609238777,-0.215127206177498,0.276411036726991,-2.30816285089995,"Rural","N"
"LP002784","Male","Yes","1","Not Graduate","No",-0.476581997479378,0.257583809323996,-0.215127206177498,0.276411036726991,0.432476828905465,"Rural","Y"
"LP002785","Male","Yes","1","Graduate","No",-0.338917197505325,0.556601489847124,0.135391984805288,0.276411036726991,0.432476828905465,"Urban","Y"
"LP002788","Male","Yes","0","Not Graduate","No",-0.482802285706505,0.243230960658886,0.404123364558756,0.276411036726991,-2.30816285089995,"Urban","N"
"LP002789","Male","Yes","0","Graduate","No",-0.296357330688138,0.903803733745977,-0.16839131404646,-2.48769933054292,-2.30816285089995,"Rural","N"
"LP002792","Male","Yes","1","Graduate","No",0.010564785781956,-0.2013656134675,-1.40689245551897,0.276411036726991,0.432476828905465,"Semiurban","Y"
"LP002794","Female","No","0","Graduate","No",-0.447935933275502,0.00128294030417325,-0.729222019618916,0.276411036726991,0.432476828905465,"Urban","Y"
"LP002795","Male","Yes","3+","Graduate","Yes",0.775169162332255,-0.554035609238777,1.32715723414676,0.276411036726991,0.432476828905465,"Semiurban","Y"
"LP002798","Male","Yes","0","Graduate","No",-0.248231942825628,0.358053749979767,0.182127876936326,0.276411036726991,0.432476828905465,"Semiurban","Y"
"LP002804","Female","Yes","0","Graduate","No",-0.200270246758567,0.234004129374173,0.415807337591516,0.276411036726991,0.432476828905465,"Semiurban","Y"
"LP002807","Male","Yes","2","Not Graduate","No",-0.28293460346118,-0.471335862168381,-0.448806666832688,0.276411036726991,0.432476828905465,"Semiurban","Y"
"LP002813","Female","Yes","1","Graduate","Yes",2.30486899081921,-0.554035609238777,5.29970806528499,0.276411036726991,0.432476828905465,"Semiurban","Y"
"LP002820","Male","Yes","0","Graduate","No",0.0850445527120323,0.147887037383512,0.754642555541542,0.276411036726991,0.432476828905465,"Rural","Y"
"LP002821","Male","No","0","Not Graduate","Yes",0.0649104618715941,-0.554035609238777,-0.16839131404646,0.276411036726991,0.432476828905465,"Semiurban","Y"
"LP002832","Male","Yes","2","Graduate","No",0.555822156428294,-0.554035609238777,1.30378928808124,0.276411036726991,-2.30816285089995,"Urban","N"
"LP002833","Male","Yes","0","Not Graduate","No",-0.153290701464212,-0.554035609238777,-0.308598990439574,0.276411036726991,0.432476828905465,"Rural","Y"
"LP002836","Male","No","0","Graduate","No",-0.338917197505325,-0.554035609238777,-0.892797642077549,0.276411036726991,0.432476828905465,"Urban","Y"
"LP002837","Male","Yes","3+","Graduate","No",-0.327949847210127,0.3003006208273,-0.273547071341295,0.276411036726991,-2.30816285089995,"Rural","N"
"LP002840","Female","No","0","Graduate","No",-0.49524286216076,-0.554035609238777,-1.60551999707588,0.276411036726991,0.432476828905465,"Urban","N"
"LP002841","Male","Yes","0","Graduate","No",-0.366253727345595,0.151304382303776,-0.495542558963726,0.276411036726991,-2.30816285089995,"Urban","N"
"LP002842","Male","Yes","1","Graduate","No",-0.325167086687465,0.0439997518074771,0.462543229722554,0.276411036726991,0.432476828905465,"Urban","Y"
"LP002847","Male","Yes","","Graduate","No",-0.0470547262166964,-0.0581788613084257,0.217179796034604,0.276411036726991,-2.30816285089995,"Urban","N"
"LP002855","Male","Yes","2","Graduate","No",1.84358551123909,-0.554035609238777,1.50241682963815,0.276411036726991,0.432476828905465,"Urban","Y"
"LP002862","Male","Yes","2","Not Graduate","No",0.118110295393077,0.00128294030417325,0.474227202755313,2.1191512815736,0.432476828905465,"Semiurban","N"
"LP002863","Male","Yes","3+","Graduate","No",0.164107689914729,-0.554035609238777,0.0419202005432115,0.276411036726991,0.432476828905465,"Semiurban","N"
"LP002868","Male","Yes","2","Graduate","No",-0.36739956991375,-0.396496008414592,-0.448806666832688,-3.9618915264202,0.432476828905465,"Urban","Y"
"LP002872","","Yes","0","Graduate","No",-0.379185379186201,0.201197618139635,-0.121655421915422,0.276411036726991,-2.30816285089995,"Semiurban","N"
"LP002874","Male","No","0","Graduate","No",-0.355941144232199,0.381975164421617,-0.425438720767169,0.276411036726991,0.432476828905465,"Urban","Y"
"LP002877","Male","Yes","1","Graduate","No",-0.592803172249387,0.208715776964217,-0.460490639865447,0.276411036726991,0.432476828905465,"Rural","Y"
"LP002888","Male","No","0","Graduate","",-0.363634658618383,0.442803904002322,0.170443903903566,0.276411036726991,0.432476828905465,"Urban","Y"
"LP002892","Male","Yes","2","Graduate","No",0.186042390505125,-0.554035609238777,0.684538717344985,0.276411036726991,0.432476828905465,"Semiurban","Y"
"LP002893","Male","No","0","Graduate","No",-0.583963815295048,11.0092343974596,-0.659118181422359,0.276411036726991,0.432476828905465,"Urban","N"
"LP002894","Female","Yes","0","Graduate","No",-0.366253727345595,-0.554035609238777,-1.29005272519137,0.276411036726991,0.432476828905465,"Semiurban","Y"
"LP002898","Male","Yes","1","Graduate","No",-0.576761376295217,-0.554035609238777,-0.997953399372385,0.276411036726991,0.432476828905465,"Rural","N"
"LP002911","Male","Yes","1","Graduate","No",-0.428292917821416,0.101069411975891,-0.00481569158782655,0.276411036726991,-2.30816285089995,"Rural","N"
"LP002912","Male","Yes","1","Graduate","No",-0.183409991827144,0.471167866840516,0.298967607263921,-3.9618915264202,0.432476828905465,"Rural","N"
"LP002916","Male","Yes","0","Graduate","No",-0.508501897592268,-0.0339157123745491,-0.495542558963726,0.276411036726991,0.432476828905465,"Urban","Y"
"LP002917","Female","No","0","Not Graduate","No",-0.530109214591762,-0.554035609238777,-0.892797642077549,0.276411036726991,0.432476828905465,"Semiurban","Y"
"LP002925","","No","0","Graduate","No",-0.106965923351659,-0.554035609238777,-0.612382289291321,0.276411036726991,0.432476828905465,"Semiurban","Y"
"LP002926","Male","Yes","2","Graduate","Yes",-0.43827811734391,-0.554035609238777,-0.472174612898207,0.276411036726991,-2.30816285089995,"Semiurban","N"
"LP002928","Male","Yes","0","Graduate","No",-0.393426565390414,0.613329415523511,-1.05637326453618,-2.48769933054292,0.432476828905465,"Semiurban","Y"
"LP002931","Male","Yes","2","Graduate","Yes",0.0976488209617375,-0.554035609238777,0.684538717344985,-1.56632920811961,0.432476828905465,"Semiurban","N"
"LP002933","","No","3+","Graduate","Yes",0.647162178289795,-0.554035609238777,1.70104437119506,0.276411036726991,0.432476828905465,"Semiurban","Y"
"LP002936","Male","Yes","0","Graduate","No",-0.252815313098248,0.573688214448445,-0.0515515837188646,-2.48769933054292,0.432476828905465,"Rural","Y"
"LP002938","Male","Yes","0","Graduate","Yes",1.75420979092299,-0.554035609238777,1.32715723414676,0.276411036726991,0.432476828905465,"Urban","Y"
"LP002940","Male","No","0","Not Graduate","No",-0.257071299779966,-0.554035609238777,-0.425438720767169,0.276411036726991,0.432476828905465,"Rural","Y"
"LP002941","Male","Yes","2","Not Graduate","Yes",0.160342778619362,-0.212301117212346,0.474227202755313,0.276411036726991,0.432476828905465,"Rural","N"
"LP002943","Male","No","","Graduate","No",-0.395554558731273,-0.554035609238777,-0.682486127487878,0.276411036726991,-2.30816285089995,"Semiurban","N"
"LP002945","Male","Yes","0","Graduate","Yes",0.746359406332929,-0.554035609238777,0.392439391525997,0.276411036726991,0.432476828905465,"Rural","Y"
"LP002948","Male","Yes","2","Graduate","No",0.0616366259625797,-0.554035609238777,0.532647067919111,0.276411036726991,0.432476828905465,"Urban","Y"
"LP002949","Female","No","3+","Graduate","",-0.816406164835066,13.6850154700265,2.37871480709511,-2.48769933054292,0.432476828905465,"Urban","N"
"LP002950","Male","Yes","0","Not Graduate","",-0.41077789570819,0.400087092499018,0.100340065707009,0.276411036726991,0.432476828905465,"Rural","Y"
"LP002953","Male","Yes","3+","Graduate","No",0.0490323577128745,-0.554035609238777,-0.215127206177498,0.276411036726991,0.432476828905465,"Urban","Y"
"LP002958","Male","No","0","Graduate","No",-0.282770911665729,0.915764440966902,0.298967607263921,0.276411036726991,0.432476828905465,"Rural","Y"
"LP002959","Female","Yes","1","Graduate","No",1.07979959366604,-0.554035609238777,4.084574869878,0.276411036726991,0.432476828905465,"Semiurban","Y"
"LP002960","Male","Yes","0","Not Graduate","No",-0.491641642660844,0.744555460461661,-0.215127206177498,-2.48769933054292,0.432476828905465,"Urban","N"
"LP002961","Male","Yes","1","Graduate","No",-0.327949847210127,0.3003006208273,0.31065158029668,0.276411036726991,0.432476828905465,"Semiurban","Y"
"LP002964","Male","Yes","2","Not Graduate","No",-0.231862763280556,-0.071848240989483,0.123708011772528,0.276411036726991,0.432476828905465,"Rural","Y"
"LP002974","Male","Yes","0","Graduate","No",-0.355450068845847,0.112346650212763,-0.448806666832688,0.276411036726991,0.432476828905465,"Rural","Y"
"LP002978","Female","No","0","Graduate","No",-0.409795744935485,-0.554035609238777,-0.88111366904479,0.276411036726991,0.432476828905465,"Rural","Y"
"LP002979","Male","Yes","3+","Graduate","No",-0.212383439621921,-0.554035609238777,-1.24331683306033,-2.48769933054292,0.432476828905465,"Rural","Y"
"LP002983","Male","Yes","1","Graduate","No",0.436818221135623,-0.472019331152434,1.24536942291744,0.276411036726991,0.432476828905465,"Urban","Y"
"LP002984","Male","Yes","2","Graduate","No",0.356772933160223,-0.554035609238777,0.474227202755313,0.276411036726991,0.432476828905465,"Urban","Y"
"LP002990","Female","No","0","Graduate","Yes",-0.134302453191929,-0.554035609238777,-0.1567073410137,0.276411036726991,-2.30816285089995,"Semiurban","N"
